﻿<?xml version="1.0" encoding="utf-8"?>
<publishData>
  <publishProfile publishUrl="C:\Projects\ArousePowerPublished" deleteExistingFiles="True" ftpAnonymousLogin="False" ftpPassiveMode="True" msdeploySite="" msdeploySiteID="" msdeployRemoteSitePhysicalPath="" msdeployAllowUntrustedCertificate="False" msdeploySkipExtraFilesOnServer="True" msdeployMarkAsApp="False" profileName="Profile1" publishMethod="FileSystem" replaceMatchingFiles="False" userName="" savePWD="False" userPWD="" SelectedForPublish="True">
    <file relUrl="dist/css/skins/skin-green.min.css" publishTime="03/31/2016 15:08:36" />
    <file relUrl="plugins/ckeditor/lang/zh-cn.js" publishTime="03/31/2016 15:08:37" />
    <file relUrl="plugins/iCheck/square/yellow@2x.png" publishTime="03/31/2016 15:08:38" />
    <file relUrl="plugins/iCheck/minimal/purple@2x.png" publishTime="03/31/2016 15:08:38" />
    <file relUrl="plugins/select2/i18n/fr.js" publishTime="03/31/2016 15:08:38" />
    <file relUrl="plugins/ckeditor/plugins/a11yhelp/dialogs/lang/ja.js" publishTime="03/31/2016 15:08:37" />
    <file relUrl="AdminMaster.Master" publishTime="05/31/2016 18:00:52" />
    <file relUrl="dist/js/pages/dashboard.js" publishTime="03/31/2016 15:08:36" />
    <file relUrl="plugins/select2/i18n/lt.js" publishTime="03/31/2016 15:08:38" />
    <file relUrl="plugins/flot/excanvas.min.js" publishTime="03/31/2016 15:08:38" />
    <file relUrl="plugins/iCheck/square/red@2x.png" publishTime="03/31/2016 15:08:38" />
    <file relUrl="plugins/ckeditor/plugins/specialchar/dialogs/lang/he.js" publishTime="03/31/2016 15:08:37" />
    <file relUrl="plugins/sparkline/jquery.sparkline.min.js" publishTime="03/31/2016 15:08:38" />
    <file relUrl="plugins/colorpicker/img/hue.png" publishTime="03/31/2016 15:08:37" />
    <file relUrl="bootstrap/css/bootstrap.css" publishTime="03/31/2016 15:08:36" />
    <file relUrl="plugins/datatables/dataTables.bootstrap.min.js" publishTime="03/31/2016 15:08:37" />
    <file relUrl="plugins/select2/i18n/lv.js" publishTime="03/31/2016 15:08:38" />
    <file relUrl="plugins/ckeditor/plugins/specialchar/dialogs/lang/zh-cn.js" publishTime="03/31/2016 15:08:37" />
    <file relUrl="plugins/select2/i18n/zh-CN.js" publishTime="03/31/2016 15:08:38" />
    <file relUrl="plugins/iCheck/minimal/grey.css" publishTime="03/31/2016 15:08:38" />
    <file relUrl="plugins/datatables/extensions/TableTools/examples/select_column.html" publishTime="03/31/2016 15:08:37" />
    <file relUrl="plugins/colorpicker/bootstrap-colorpicker.js" publishTime="03/31/2016 15:08:37" />
    <file relUrl="dist/css/skins/skin-blue-light.min.css" publishTime="03/31/2016 15:08:36" />
    <file relUrl="plugins/iCheck/square/square@2x.png" publishTime="03/31/2016 15:08:38" />
    <file relUrl="JQTreeView.aspx" publishTime="05/31/2016 18:00:45" />
    <file relUrl="plugins/datatables/extensions/ColVis/css/dataTables.colvis.jqueryui.css" publishTime="03/31/2016 15:08:37" />
    <file relUrl="plugins/select2/i18n/id.js" publishTime="03/31/2016 15:08:38" />
    <file relUrl="plugins/datatables/extensions/KeyTable/examples/scrolling.html" publishTime="03/31/2016 15:08:37" />
    <file relUrl="plugins/iCheck/flat/grey.png" publishTime="03/31/2016 15:08:38" />
    <file relUrl="plugins/datatables/extensions/AutoFill/js/dataTables.autoFill.min.js" publishTime="03/31/2016 15:08:37" />
    <file relUrl="plugins/datepicker/locales/bootstrap-datepicker.de.js" publishTime="03/31/2016 15:08:37" />
    <file relUrl="plugins/datatables/extensions/FixedColumns/examples/server-side-processing.html" publishTime="03/31/2016 15:08:37" />
    <file relUrl="References/Spacetree.css" publishTime="05/23/2016 15:20:20" />
    <file relUrl="plugins/ckeditor/plugins/specialchar/dialogs/lang/id.js" publishTime="03/31/2016 15:08:37" />
    <file relUrl="plugins/ckeditor/lang/th.js" publishTime="03/31/2016 15:08:37" />
    <file relUrl="plugins/ckeditor/skins/moono/dialog_ie.css" publishTime="03/31/2016 15:08:37" />
    <file relUrl="plugins/ckeditor/plugins/specialchar/dialogs/lang/si.js" publishTime="03/31/2016 15:08:37" />
    <file relUrl="plugins/datatables/extensions/Responsive/License.txt" publishTime="03/31/2016 15:08:37" />
    <file relUrl="plugins/iCheck/flat/blue@2x.png" publishTime="03/31/2016 15:08:38" />
    <file relUrl="plugins/input-mask/phone-codes/readme.txt" publishTime="03/31/2016 15:08:38" />
    <file relUrl="plugins/datatables/extensions/ColVis/examples/title_callback.html" publishTime="03/31/2016 15:08:37" />
    <file relUrl="plugins/ckeditor/plugins/a11yhelp/dialogs/lang/sv.js" publishTime="03/31/2016 15:08:37" />
    <file relUrl="plugins/ckeditor/plugins/pastefromword/filter/default.js" publishTime="03/31/2016 15:08:37" />
    <file relUrl="plugins/ckeditor/plugins/specialchar/dialogs/lang/fr-ca.js" publishTime="03/31/2016 15:08:37" />
    <file relUrl="plugins/iCheck/square/purple.png" publishTime="03/31/2016 15:08:38" />
    <file relUrl="plugins/datatables/extensions/AutoFill/examples/step-callback.html" publishTime="03/31/2016 15:08:37" />
    <file relUrl="plugins/datatables/extensions/FixedColumns/License.txt" publishTime="03/31/2016 15:08:37" />
    <file relUrl="plugins/select2/i18n/nb.js" publishTime="03/31/2016 15:08:38" />
    <file relUrl="plugins/datatables/extensions/Responsive/examples/display-control/auto.html" publishTime="03/31/2016 15:08:37" />
    <file relUrl="plugins/ckeditor/config.js" publishTime="03/31/2016 15:08:36" />
    <file relUrl="plugins/ionslider/ion.rangeSlider.skinNice.css" publishTime="03/31/2016 15:08:38" />
    <file relUrl="plugins/iconico/iconico.css" publishTime="05/25/2016 18:50:47" />
    <file relUrl="plugins/ckeditor/skins/moono/images/hidpi/refresh.png" publishTime="03/31/2016 15:08:37" />
    <file relUrl="plugins/datatables/extensions/ColReorder/examples/colvis.html" publishTime="03/31/2016 15:08:37" />
    <file relUrl="plugins/iCheck/polaris/polaris.png" publishTime="03/31/2016 15:08:38" />
    <file relUrl="plugins/datepicker/locales/bootstrap-datepicker.bg.js" publishTime="03/31/2016 15:08:37" />
    <file relUrl="plugins/select2/i18n/hu.js" publishTime="03/31/2016 15:08:38" />
    <file relUrl="plugins/ckeditor/lang/eu.js" publishTime="03/31/2016 15:08:36" />
    <file relUrl="plugins/datatables/extensions/FixedHeader/examples/header_footer.html" publishTime="03/31/2016 15:08:37" />
    <file relUrl="plugins/iCheck/minimal/minimal.css" publishTime="03/31/2016 15:08:38" />
    <file relUrl="plugins/iCheck/flat/pink.png" publishTime="03/31/2016 15:08:38" />
    <file relUrl="plugins/iCheck/flat/purple.css" publishTime="03/31/2016 15:08:38" />
    <file relUrl="plugins/datatables/extensions/Responsive/examples/styling/index.html" publishTime="03/31/2016 15:08:37" />
    <file relUrl="dist/js/app.min.js" publishTime="03/31/2016 15:08:36" />
    <file relUrl="dist/img/icons.png" publishTime="03/31/2016 15:08:36" />
    <file relUrl="plugins/datatables/extensions/FixedHeader/examples/zIndexes.html" publishTime="03/31/2016 15:08:37" />
    <file relUrl="plugins/datepicker/locales/bootstrap-datepicker.fi.js" publishTime="03/31/2016 15:08:37" />
    <file relUrl="plugins/ionslider/ion.rangeSlider.skinFlat.css" publishTime="03/31/2016 15:08:38" />
    <file relUrl="plugins/iCheck/flat/green.css" publishTime="03/31/2016 15:08:38" />
    <file relUrl="plugins/datatables/jquery.dataTables.css" publishTime="03/31/2016 15:08:37" />
    <file relUrl="dist/css/AdminLTE.css" publishTime="03/31/2016 15:08:36" />
    <file relUrl="UploadHandler.ashx" publishTime="04/04/2016 17:18:49" />
    <file relUrl="plugins/iCheck/minimal/green.css" publishTime="03/31/2016 15:08:38" />
    <file relUrl="plugins/datatables/images/sort_desc.png" publishTime="03/31/2016 15:08:37" />
    <file relUrl="images/hari2.jpg" publishTime="04/18/2016 18:39:19" />
    <file relUrl="plugins/ckeditor/plugins/specialchar/dialogs/lang/ug.js" publishTime="03/31/2016 15:08:37" />
    <file relUrl="plugins/datepicker/locales/bootstrap-datepicker.ca.js" publishTime="03/31/2016 15:08:37" />
    <file relUrl="plugins/iCheck/minimal/yellow@2x.png" publishTime="03/31/2016 15:08:38" />
    <file relUrl="plugins/ionslider/ion.rangeSlider.min.js" publishTime="03/31/2016 15:08:38" />
    <file relUrl="plugins/ckeditor/plugins/specialchar/dialogs/lang/sl.js" publishTime="03/31/2016 15:08:37" />
    <file relUrl="img/horse.png" publishTime="05/25/2016 16:05:21" />
    <file relUrl="TreeRef1/Treant.css" publishTime="05/23/2016 19:22:28" />
    <file relUrl="plugins/ckeditor/lang/mn.js" publishTime="03/31/2016 15:08:37" />
    <file relUrl="plugins/knob/jquery.knob.js" publishTime="03/31/2016 15:08:38" />
    <file relUrl="plugins/ckeditor/lang/fo.js" publishTime="03/31/2016 15:08:36" />
    <file relUrl="plugins/morris/morris.js" publishTime="03/31/2016 15:08:38" />
    <file relUrl="plugins/iCheck/square/blue@2x.png" publishTime="03/31/2016 15:08:38" />
    <file relUrl="plugins/ckeditor/plugins/a11yhelp/dialogs/lang/hi.js" publishTime="03/31/2016 15:08:37" />
    <file relUrl="plugins/ckeditor/plugins/magicline/images/hidpi/icon.png" publishTime="03/31/2016 15:08:37" />
    <file relUrl="plugins/colorpicker/bootstrap-colorpicker.css" publishTime="03/31/2016 15:08:37" />
    <file relUrl="plugins/select2/select2.min.js" publishTime="03/31/2016 15:08:38" />
    <file relUrl="plugins/datepicker/locales/bootstrap-datepicker.fr.js" publishTime="03/31/2016 15:08:37" />
    <file relUrl="plugins/colorpicker/bootstrap-colorpicker.min.css" publishTime="03/31/2016 15:08:37" />
    <file relUrl="UserControl/LeftSidePanel.ascx" publishTime="05/31/2016 17:23:05" />
    <file relUrl="plugins/datatables/extensions/ColVis/css/dataTables.colVis.min.css" publishTime="03/31/2016 15:08:37" />
    <file relUrl="plugins/ckeditor/plugins/link/dialogs/anchor.js" publishTime="03/31/2016 15:08:37" />
    <file relUrl="plugins/datatables/extensions/FixedHeader/css/dataTables.fixedHeader.min.css" publishTime="03/31/2016 15:08:37" />
    <file relUrl="plugins/iCheck/flat/orange@2x.png" publishTime="03/31/2016 15:08:38" />
    <file relUrl="plugins/iCheck/line/grey.css" publishTime="03/31/2016 15:08:38" />
    <file relUrl="plugins/ckeditor/skins/moono/images/lock-open.png" publishTime="03/31/2016 15:08:37" />
    <file relUrl="img/SessionExpired.jpg" publishTime="05/25/2016 15:47:17" />
    <file relUrl="plugins/select2/select2.min.css" publishTime="03/31/2016 15:08:38" />
    <file relUrl="plugins/ckeditor/lang/en-gb.js" publishTime="03/31/2016 15:08:36" />
    <file relUrl="plugins/flot/jquery.flot.time.min.js" publishTime="03/31/2016 15:08:38" />
    <file relUrl="plugins/ckeditor/lang/it.js" publishTime="03/31/2016 15:08:36" />
    <file relUrl="plugins/datatables/extensions/Responsive/examples/initialisation/default.html" publishTime="03/31/2016 15:08:37" />
    <file relUrl="plugins/select2/i18n/pt-BR.js" publishTime="03/31/2016 15:08:38" />
    <file relUrl="dist/css/skins/skin-red.min.css" publishTime="03/31/2016 15:08:36" />
    <file relUrl="plugins/datatables/jquery.dataTables.js" publishTime="03/31/2016 15:08:37" />
    <file relUrl="plugins/datepicker/locales/bootstrap-datepicker.id.js" publishTime="03/31/2016 15:08:37" />
    <file relUrl="plugins/jvectormap/jquery-jvectormap-world-mill-en.js" publishTime="03/31/2016 15:08:38" />
    <file relUrl="plugins/ckeditor/plugins/magicline/images/icon.png" publishTime="03/31/2016 15:08:37" />
    <file relUrl="plugins/iCheck/minimal/orange@2x.png" publishTime="03/31/2016 15:08:38" />
    <file relUrl="plugins/ckeditor/plugins/a11yhelp/dialogs/lang/mn.js" publishTime="03/31/2016 15:08:37" />
    <file relUrl="Web.config" publishTime="05/30/2016 19:56:18" />
    <file relUrl="plugins/bootstrap-fileinput/bootstrap-fileinput.css" publishTime="04/08/2016 20:04:54" />
    <file relUrl="plugins/datatables/images/sort_asc.png" publishTime="03/31/2016 15:08:37" />
    <file relUrl="AnimatedTreeView.aspx" publishTime="05/31/2016 18:01:51" />
    <file relUrl="plugins/datatables/extensions/TableTools/examples/select_multi.html" publishTime="03/31/2016 15:08:37" />
    <file relUrl="plugins/datatables/extensions/FixedColumns/examples/css_size.html" publishTime="03/31/2016 15:08:37" />
    <file relUrl="plugins/datepicker/locales/bootstrap-datepicker.no.js" publishTime="03/31/2016 15:08:37" />
    <file relUrl="plugins/datatables/extensions/ColReorder/css/dataTables.colReorder.css" publishTime="03/31/2016 15:08:37" />
    <file relUrl="plugins/datatables/extensions/Responsive/examples/styling/scrolling.html" publishTime="03/31/2016 15:08:37" />
    <file relUrl="plugins/iCheck/polaris/polaris@2x.png" publishTime="03/31/2016 15:08:38" />
    <file relUrl="plugins/ckeditor/lang/id.js" publishTime="03/31/2016 15:08:36" />
    <file relUrl="plugins/ckeditor/lang/ka.js" publishTime="03/31/2016 15:08:36" />
    <file relUrl="plugins/datatables/extensions/FixedColumns/js/dataTables.fixedColumns.js" publishTime="03/31/2016 15:08:37" />
    <file relUrl="dist/css/skins/skin-yellow.min.css" publishTime="03/31/2016 15:08:36" />
    <file relUrl="plugins/ckeditor/plugins/specialchar/dialogs/lang/uk.js" publishTime="03/31/2016 15:08:37" />
    <file relUrl="bootstrap/css/bootstrap.min.css" publishTime="03/31/2016 15:08:36" />
    <file relUrl="plugins/iCheck/flat/purple@2x.png" publishTime="03/31/2016 15:08:38" />
    <file relUrl="plugins/ckeditor/lang/ja.js" publishTime="03/31/2016 15:08:36" />
    <file relUrl="plugins/ckeditor/plugins/wsc/dialogs/ciframe.html" publishTime="03/31/2016 15:08:37" />
    <file relUrl="plugins/datatables/extensions/ColVis/examples/index.html" publishTime="03/31/2016 15:08:37" />
    <file relUrl="dist/img/user5-128x128.jpg" publishTime="03/31/2016 15:08:36" />
    <file relUrl="plugins/iCheck/minimal/pink.css" publishTime="03/31/2016 15:08:38" />
    <file relUrl="plugins/datatables/extensions/TableTools/examples/index.html" publishTime="03/31/2016 15:08:37" />
    <file relUrl="plugins/datatables/extensions/FixedHeader/examples/top_left_right.html" publishTime="03/31/2016 15:08:37" />
    <file relUrl="Test.aspx" publishTime="05/25/2016 15:26:52" />
    <file relUrl="plugins/ckeditor/plugins/wsc/dialogs/wsc.js" publishTime="03/31/2016 15:08:37" />
    <file relUrl="plugins/datatables/extensions/KeyTable/examples/simple.html" publishTime="03/31/2016 15:08:37" />
    <file relUrl="plugins/datatables/jquery.dataTables.min.css" publishTime="03/31/2016 15:08:37" />
    <file relUrl="plugins/iCheck/line/blue.css" publishTime="03/31/2016 15:08:38" />
    <file relUrl="plugins/ckeditor/lang/sk.js" publishTime="03/31/2016 15:08:37" />
    <file relUrl="plugins/ckeditor/plugins/tabletools/dialogs/tableCell.js" publishTime="03/31/2016 15:08:37" />
    <file relUrl="plugins/datatables/extensions/ColReorder/examples/simple.html" publishTime="03/31/2016 15:08:37" />
    <file relUrl="plugins/datatables/extensions/AutoFill/examples/simple.html" publishTime="03/31/2016 15:08:37" />
    <file relUrl="plugins/ckeditor/plugins/a11yhelp/dialogs/lang/ku.js" publishTime="03/31/2016 15:08:37" />
    <file relUrl="plugins/ckeditor/lang/bn.js" publishTime="03/31/2016 15:08:36" />
    <file relUrl="plugins/iCheck/line/pink.css" publishTime="03/31/2016 15:08:38" />
    <file relUrl="plugins/iCheck/flat/orange.css" publishTime="03/31/2016 15:08:38" />
    <file relUrl="plugins/datatables/extensions/Responsive/examples/initialisation/className.html" publishTime="03/31/2016 15:08:37" />
    <file relUrl="plugins/ckeditor/plugins/a11yhelp/dialogs/lang/pt.js" publishTime="03/31/2016 15:08:37" />
    <file relUrl="plugins/datatables/extensions/TableTools/examples/multiple_tables.html" publishTime="03/31/2016 15:08:37" />
    <file relUrl="images/avatar.png" publishTime="04/18/2016 11:40:33" />
    <file relUrl="plugins/datepicker/locales/bootstrap-datepicker.th.js" publishTime="03/31/2016 15:08:38" />
    <file relUrl="plugins/ckeditor/skins/moono/images/hidpi/lock-open.png" publishTime="03/31/2016 15:08:37" />
    <file relUrl="images/avatar1.png" publishTime="04/18/2016 11:40:33" />
    <file relUrl="plugins/ckeditor/lang/tr.js" publishTime="03/31/2016 15:08:37" />
    <file relUrl="plugins/select2/select2.full.js" publishTime="03/31/2016 15:08:38" />
    <file relUrl="plugins/datatables/images/sort_asc_disabled.png" publishTime="03/31/2016 15:08:37" />
    <file relUrl="plugins/select2/i18n/sv.js" publishTime="03/31/2016 15:08:38" />
    <file relUrl="plugins/datatables/extensions/ColReorder/examples/fixedheader.html" publishTime="03/31/2016 15:08:37" />
    <file relUrl="plugins/iCheck/line/orange.css" publishTime="03/31/2016 15:08:38" />
    <file relUrl="dist/css/skins/skin-red-light.min.css" publishTime="03/31/2016 15:08:36" />
    <file relUrl="ManageMenuRights.aspx" publishTime="05/30/2016 16:00:46" />
    <file relUrl="plugins/ckeditor/plugins/wsc/dialogs/tmp.html" publishTime="03/31/2016 15:08:37" />
    <file relUrl="plugins/select2/i18n/ru.js" publishTime="03/31/2016 15:08:38" />
    <file relUrl="dist/css/skins/skin-purple.css" publishTime="03/31/2016 15:08:36" />
    <file relUrl="dist/css/skins/skin-blue-light.css" publishTime="03/31/2016 15:08:36" />
    <file relUrl="plugins/datatables/extensions/FixedColumns/examples/index_column.html" publishTime="03/31/2016 15:08:37" />
    <file relUrl="plugins/select2/i18n/zh-TW.js" publishTime="03/31/2016 15:08:38" />
    <file relUrl="plugins/ckeditor/lang/et.js" publishTime="03/31/2016 15:08:36" />
    <file relUrl="plugins/datatables/extensions/TableTools/images/collection.png" publishTime="03/31/2016 15:08:37" />
    <file relUrl="plugins/datatables/extensions/Scroller/examples/data/2500.txt" publishTime="03/31/2016 15:08:37" />
    <file relUrl="img/arousepowerlogo_small.png" publishTime="05/25/2016 16:32:19" />
    <file relUrl="plugins/ckeditor/lang/si.js" publishTime="03/31/2016 15:08:37" />
    <file relUrl="plugins/ckeditor/skins/moono/icons.png" publishTime="03/31/2016 15:08:37" />
    <file relUrl="dist/img/boxed-bg.png" publishTime="03/31/2016 15:08:36" />
    <file relUrl="plugins/datatables/dataTables.bootstrap.css" publishTime="03/31/2016 15:08:37" />
    <file relUrl="plugins/iCheck/minimal/red.png" publishTime="03/31/2016 15:08:38" />
    <file relUrl="bootstrap/js/bootstrap.min.js" publishTime="03/31/2016 15:08:36" />
    <file relUrl="plugins/select2/select2.js" publishTime="03/31/2016 15:08:38" />
    <file relUrl="plugins/timepicker/bootstrap-timepicker.min.css" publishTime="03/31/2016 15:08:38" />
    <file relUrl="plugins/iCheck/square/square.css" publishTime="03/31/2016 15:08:38" />
    <file relUrl="plugins/flot/jquery.flot.time.js" publishTime="03/31/2016 15:08:38" />
    <file relUrl="plugins/iCheck/flat/grey.css" publishTime="03/31/2016 15:08:38" />
    <file relUrl="plugins/datepicker/locales/bootstrap-datepicker.pt.js" publishTime="03/31/2016 15:08:38" />
    <file relUrl="dist/css/Spacetree.css" publishTime="05/31/2016 17:52:19" />
    <file relUrl="plugins/datatables/extensions/ColReorder/examples/alt_insert.html" publishTime="03/31/2016 15:08:37" />
    <file relUrl="MaintainMenu.aspx" publishTime="04/18/2016 17:30:47" />
    <file relUrl="plugins/iCheck/square/yellow.css" publishTime="03/31/2016 15:08:38" />
    <file relUrl="testtreeview/OrganizationLogo/sampleorg_companylogo.png" publishTime="04/05/2016 13:42:36" />
    <file relUrl="dist/css/skins/_all-skins.css" publishTime="03/31/2016 15:08:36" />
    <file relUrl="plugins/morris/morris.css" publishTime="03/31/2016 15:08:38" />
    <file relUrl="dist/css/skins/skin-black.min.css" publishTime="03/31/2016 15:08:36" />
    <file relUrl="plugins/datatables/extensions/Responsive/examples/initialisation/option.html" publishTime="03/31/2016 15:08:37" />
    <file relUrl="plugins/select2/i18n/fa.js" publishTime="03/31/2016 15:08:38" />
    <file relUrl="plugins/datatables/extensions/TableTools/images/xls_hover.png" publishTime="03/31/2016 15:08:37" />
    <file relUrl="plugins/datatables/extensions/TableTools/images/pdf_hover.png" publishTime="03/31/2016 15:08:37" />
    <file relUrl="plugins/datatables/extensions/Responsive/examples/display-control/fixedHeader.html" publishTime="03/31/2016 15:08:37" />
    <file relUrl="plugins/ckeditor/plugins/a11yhelp/dialogs/lang/sr-latn.js" publishTime="03/31/2016 15:08:37" />
    <file relUrl="plugins/datatables/extensions/TableTools/css/dataTables.tableTools.css" publishTime="03/31/2016 15:08:37" />
    <file relUrl="plugins/select2/i18n/it.js" publishTime="03/31/2016 15:08:38" />
    <file relUrl="plugins/input-mask/jquery.inputmask.numeric.extensions.js" publishTime="03/31/2016 15:08:38" />
    <file relUrl="plugins/ckeditor/plugins/a11yhelp/dialogs/lang/es.js" publishTime="03/31/2016 15:08:37" />
    <file relUrl="plugins/datatables/extensions/FixedColumns/examples/col_filter.html" publishTime="03/31/2016 15:08:37" />
    <file relUrl="plugins/ckeditor/plugins/a11yhelp/dialogs/lang/fi.js" publishTime="03/31/2016 15:08:37" />
    <file relUrl="plugins/iCheck/minimal/blue.css" publishTime="03/31/2016 15:08:38" />
    <file relUrl="plugins/ckeditor/plugins/specialchar/dialogs/lang/cs.js" publishTime="03/31/2016 15:08:37" />
    <file relUrl="plugins/ckeditor/lang/ro.js" publishTime="03/31/2016 15:08:37" />
    <file relUrl="dist/css/bootstrap.min.css" publishTime="05/31/2016 17:25:16" />
    <file relUrl="plugins/ckeditor/adapters/jquery.js" publishTime="03/31/2016 15:08:36" />
    <file relUrl="plugins/ckeditor/lang/da.js" publishTime="03/31/2016 15:08:36" />
    <file relUrl="plugins/iCheck/all.css" publishTime="03/31/2016 15:08:38" />
    <file relUrl="plugins/ckeditor/plugins/a11yhelp/dialogs/lang/ru.js" publishTime="03/31/2016 15:08:37" />
    <file relUrl="plugins/ckeditor/lang/sr.js" publishTime="03/31/2016 15:08:37" />
    <file relUrl="plugins/datatables/extensions/Scroller/examples/index.html" publishTime="03/31/2016 15:08:37" />
    <file relUrl="plugins/ckeditor/lang/is.js" publishTime="03/31/2016 15:08:36" />
    <file relUrl="plugins/datatables/extensions/FixedHeader/examples/index.html" publishTime="03/31/2016 15:08:37" />
    <file relUrl="plugins/iCheck/square/pink.css" publishTime="03/31/2016 15:08:38" />
    <file relUrl="plugins/datepicker/locales/bootstrap-datepicker.ro.js" publishTime="03/31/2016 15:08:38" />
    <file relUrl="plugins/fullcalendar/fullcalendar.min.js" publishTime="03/31/2016 15:08:38" />
    <file relUrl="plugins/ckeditor/lang/ru.js" publishTime="03/31/2016 15:08:37" />
    <file relUrl="plugins/bootstrap-fileinput/bootstrap-fileinput.js" publishTime="04/11/2016 16:04:01" />
    <file relUrl="TestFileUploa.aspx" publishTime="04/11/2016 15:39:26" />
    <file relUrl="dist/css/base.css" publishTime="05/31/2016 17:52:19" />
    <file relUrl="plugins/select2/i18n/sr.js" publishTime="03/31/2016 15:08:38" />
    <file relUrl="plugins/ckeditor/plugins/specialchar/dialogs/lang/hu.js" publishTime="03/31/2016 15:08:37" />
    <file relUrl="plugins/datepicker/locales/bootstrap-datepicker.tr.js" publishTime="03/31/2016 15:08:38" />
    <file relUrl="plugins/ckeditor/plugins/about/dialogs/about.js" publishTime="03/31/2016 15:08:37" />
    <file relUrl="plugins/datatables/extensions/Scroller/examples/api_scrolling.html" publishTime="03/31/2016 15:08:37" />
    <file relUrl="plugins/datatables/extensions/TableTools/examples/select_single.html" publishTime="03/31/2016 15:08:37" />
    <file relUrl="dist/js/jquery.jOrgChart.js" publishTime="05/31/2016 17:25:03" />
    <file relUrl="images/uploadphoto.png" publishTime="04/07/2016 15:39:34" />
    <file relUrl="plugins/ckeditor/lang/no.js" publishTime="03/31/2016 15:08:37" />
    <file relUrl="plugins/datatables/extensions/AutoFill/Readme.txt" publishTime="03/31/2016 15:08:37" />
    <file relUrl="dist/css/skins/skin-purple-light.min.css" publishTime="03/31/2016 15:08:36" />
    <file relUrl="plugins/datatables/extensions/ColReorder/examples/scrolling.html" publishTime="03/31/2016 15:08:37" />
    <file relUrl="dist/img/user2-160x160.jpg" publishTime="03/31/2016 15:08:36" />
    <file relUrl="plugins/ckeditor/plugins/a11yhelp/dialogs/lang/it.js" publishTime="03/31/2016 15:08:37" />
    <file relUrl="plugins/slimScroll/jquery.slimscroll.js" publishTime="03/31/2016 15:08:38" />
    <file relUrl="plugins/iCheck/futurico/futurico@2x.png" publishTime="03/31/2016 15:08:38" />
    <file relUrl="dist/img/credit/american-express.png" publishTime="03/31/2016 15:08:36" />
    <file relUrl="plugins/ckeditor/lang/hu.js" publishTime="03/31/2016 15:08:36" />
    <file relUrl="dist/img/user8-128x128.jpg" publishTime="03/31/2016 15:08:36" />
    <file relUrl="plugins/ckeditor/plugins/a11yhelp/dialogs/lang/km.js" publishTime="03/31/2016 15:08:37" />
    <file relUrl="plugins/iCheck/flat/green.png" publishTime="03/31/2016 15:08:38" />
    <file relUrl="plugins/ckeditor/skins/moono/dialog_ie8.css" publishTime="03/31/2016 15:08:37" />
    <file relUrl="plugins/datatables/extensions/FixedHeader/examples/two_tables.html" publishTime="03/31/2016 15:08:37" />
    <file relUrl="plugins/datatables/extensions/TableTools/swf/copy_csv_xls_pdf.swf" publishTime="03/31/2016 15:08:37" />
    <file relUrl="dist/img/credit/mastercard.png" publishTime="03/31/2016 15:08:36" />
    <file relUrl="plugins/select2/select2.css" publishTime="03/31/2016 15:08:38" />
    <file relUrl="plugins/ckeditor/lang/vi.js" publishTime="03/31/2016 15:08:37" />
    <file relUrl="dist/img/avatar3.png" publishTime="03/31/2016 15:08:36" />
    <file relUrl="plugins/iCheck/square/purple.css" publishTime="03/31/2016 15:08:38" />
    <file relUrl="plugins/input-mask/jquery.inputmask.regex.extensions.js" publishTime="03/31/2016 15:08:38" />
    <file relUrl="plugins/flot/jquery.flot.categories.min.js" publishTime="03/31/2016 15:08:38" />
    <file relUrl="plugins/morris/morris.min.js" publishTime="03/31/2016 15:08:38" />
    <file relUrl="plugins/input-mask/jquery.inputmask.date.extensions.js" publishTime="03/31/2016 15:08:38" />
    <file relUrl="plugins/datatables/extensions/TableTools/js/dataTables.tableTools.min.js" publishTime="03/31/2016 15:08:37" />
    <file relUrl="plugins/datatables/dataTables.bootstrap.js" publishTime="03/31/2016 15:08:37" />
    <file relUrl="plugins/datepicker/locales/bootstrap-datepicker.kk.js" publishTime="03/31/2016 15:08:37" />
    <file relUrl="plugins/datatables/extensions/FixedColumns/examples/colvis.html" publishTime="03/31/2016 15:08:37" />
    <file relUrl="plugins/datatables/extensions/KeyTable/js/dataTables.keyTable.min.js" publishTime="03/31/2016 15:08:37" />
    <file relUrl="plugins/input-mask/jquery.inputmask.extensions.js" publishTime="03/31/2016 15:08:38" />
    <file relUrl="plugins/datatables/extensions/AutoFill/examples/index.html" publishTime="03/31/2016 15:08:37" />
    <file relUrl="dist/css/prettify.css" publishTime="05/31/2016 17:25:16" />
    <file relUrl="plugins/ckeditor/plugins/a11yhelp/dialogs/lang/he.js" publishTime="03/31/2016 15:08:37" />
    <file relUrl="plugins/datatables/extensions/AutoFill/examples/fill-horizontal.html" publishTime="03/31/2016 15:08:37" />
    <file relUrl="plugins/iCheck/square/grey@2x.png" publishTime="03/31/2016 15:08:38" />
    <file relUrl="References/TreeAnimation.aspx" publishTime="05/31/2016 17:53:25" />
    <file relUrl="plugins/ckeditor/lang/de.js" publishTime="03/31/2016 15:08:36" />
    <file relUrl="plugins/iCheck/flat/red.png" publishTime="03/31/2016 15:08:38" />
    <file relUrl="TestTreeView1.aspx" publishTime="04/19/2016 16:29:25" />
    <file relUrl="plugins/select2/i18n/hr.js" publishTime="03/31/2016 15:08:38" />
    <file relUrl="plugins/datatables/extensions/Responsive/js/dataTables.responsive.min.js" publishTime="03/31/2016 15:08:37" />
    <file relUrl="plugins/ckeditor/lang/sq.js" publishTime="03/31/2016 15:08:37" />
    <file relUrl="plugins/iCheck/square/yellow.png" publishTime="03/31/2016 15:08:38" />
    <file relUrl="plugins/ckeditor/skins/moono/editor_ie7.css" publishTime="03/31/2016 15:08:37" />
    <file relUrl="References/example1.js" publishTime="05/23/2016 15:20:20" />
    <file relUrl="plugins/bootstrap-slider/slider.css" publishTime="03/31/2016 15:08:36" />
    <file relUrl="plugins/ckeditor/plugins/a11yhelp/dialogs/lang/ko.js" publishTime="03/31/2016 15:08:37" />
    <file relUrl="plugins/iCheck/minimal/grey.png" publishTime="03/31/2016 15:08:38" />
    <file relUrl="plugins/ckeditor/plugins/a11yhelp/dialogs/lang/pl.js" publishTime="03/31/2016 15:08:37" />
    <file relUrl="dist/css/skins/skin-green-light.css" publishTime="03/31/2016 15:08:36" />
    <file relUrl="plugins/flot/jquery.flot.errorbars.min.js" publishTime="03/31/2016 15:08:38" />
    <file relUrl="plugins/ckeditor/plugins/specialchar/dialogs/lang/km.js" publishTime="03/31/2016 15:08:37" />
    <file relUrl="plugins/datatables/extensions/FixedHeader/examples/simple.html" publishTime="03/31/2016 15:08:37" />
    <file relUrl="plugins/datatables/extensions/ColVis/examples/exclude_columns.html" publishTime="03/31/2016 15:08:37" />
    <file relUrl="plugins/ckeditor/lang/ms.js" publishTime="03/31/2016 15:08:37" />
    <file relUrl="plugins/iCheck/minimal/grey@2x.png" publishTime="03/31/2016 15:08:38" />
    <file relUrl="plugins/datepicker/locales/bootstrap-datepicker.pl.js" publishTime="03/31/2016 15:08:37" />
    <file relUrl="plugins/ckeditor/plugins/specialchar/dialogs/lang/cy.js" publishTime="03/31/2016 15:08:37" />
    <file relUrl="img/session_expired.jpg" publishTime="05/25/2016 15:49:06" />
    <file relUrl="plugins/datepicker/locales/bootstrap-datepicker.ar.js" publishTime="03/31/2016 15:08:37" />
    <file relUrl="ManageCategory.aspx" publishTime="05/30/2016 16:00:37" />
    <file relUrl="plugins/datatables/extensions/ColReorder/examples/fixedcolumns.html" publishTime="03/31/2016 15:08:37" />
    <file relUrl="plugins/jvectormap/jquery-jvectormap-1.2.2.min.js" publishTime="03/31/2016 15:08:38" />
    <file relUrl="plugins/ckeditor/plugins/specialchar/dialogs/lang/zh.js" publishTime="03/31/2016 15:08:37" />
    <file relUrl="plugins/datatables/extensions/Responsive/examples/styling/foundation.html" publishTime="03/31/2016 15:08:37" />
    <file relUrl="plugins/ckeditor/lang/eo.js" publishTime="03/31/2016 15:08:36" />
    <file relUrl="plugins/select2/i18n/pt.js" publishTime="03/31/2016 15:08:38" />
    <file relUrl="plugins/ckeditor/plugins/specialchar/dialogs/lang/sq.js" publishTime="03/31/2016 15:08:37" />
    <file relUrl="dist/css/skins/skin-red-light.css" publishTime="03/31/2016 15:08:36" />
    <file relUrl="plugins/ionslider/ion.rangeSlider.css" publishTime="03/31/2016 15:08:38" />
    <file relUrl="plugins/datatables/extensions/ColReorder/css/dataTables.colReorder.min.css" publishTime="03/31/2016 15:08:37" />
    <file relUrl="testtreeview/js/wz_jsgraphics.js" publishTime="04/19/2016 12:33:56" />
    <file relUrl="plugins/ckeditor/plugins/specialchar/dialogs/lang/de.js" publishTime="03/31/2016 15:08:37" />
    <file relUrl="plugins/select2/i18n/ca.js" publishTime="03/31/2016 15:08:38" />
    <file relUrl="plugins/select2/i18n/es.js" publishTime="03/31/2016 15:08:38" />
    <file relUrl="testtreeview/JqueryOrgChart/example.html" publishTime="05/31/2016 16:04:53" />
    <file relUrl="dist/css/skins/skin-purple-light.css" publishTime="03/31/2016 15:08:36" />
    <file relUrl="plugins/datatables/extensions/Responsive/examples/display-control/classes.html" publishTime="03/31/2016 15:08:37" />
    <file relUrl="plugins/datatables/extensions/TableTools/examples/multi_instance.html" publishTime="03/31/2016 15:08:37" />
    <file relUrl="plugins/ckeditor/plugins/specialchar/dialogs/lang/tr.js" publishTime="03/31/2016 15:08:37" />
    <file relUrl="plugins/datatables/extensions/TableTools/images/xls.png" publishTime="03/31/2016 15:08:37" />
    <file relUrl="dist/css/skins/skin-black-light.min.css" publishTime="03/31/2016 15:08:36" />
    <file relUrl="plugins/datatables/extensions/TableTools/examples/pdf_message.html" publishTime="03/31/2016 15:08:37" />
    <file relUrl="dist/js/jit-yc.js" publishTime="05/31/2016 17:52:27" />
    <file relUrl="plugins/datatables/extensions/Responsive/examples/display-control/index.html" publishTime="03/31/2016 15:08:37" />
    <file relUrl="plugins/datatables/extensions/ColReorder/examples/realtime.html" publishTime="03/31/2016 15:08:37" />
    <file relUrl="plugins/iCheck/flat/grey@2x.png" publishTime="03/31/2016 15:08:38" />
    <file relUrl="dist/img/credit/cirrus.png" publishTime="03/31/2016 15:08:36" />
    <file relUrl="plugins/datatables/extensions/Scroller/examples/simple.html" publishTime="03/31/2016 15:08:37" />
    <file relUrl="plugins/datepicker/locales/bootstrap-datepicker.vi.js" publishTime="03/31/2016 15:08:38" />
    <file relUrl="plugins/datepicker/locales/bootstrap-datepicker.gl.js" publishTime="03/31/2016 15:08:37" />
    <file relUrl="plugins/datatables/extensions/ColReorder/examples/jqueryui.html" publishTime="03/31/2016 15:08:37" />
    <file relUrl="plugins/datatables/extensions/Responsive/examples/child-rows/index.html" publishTime="03/31/2016 15:08:37" />
    <file relUrl="plugins/datatables/extensions/ColVis/examples/two_tables_identical.html" publishTime="03/31/2016 15:08:37" />
    <file relUrl="plugins/iCheck/square/purple@2x.png" publishTime="03/31/2016 15:08:38" />
    <file relUrl="TreeRef1/raphael.js" publishTime="05/23/2016 19:22:36" />
    <file relUrl="plugins/ckeditor/plugins/about/dialogs/logo_ckeditor.png" publishTime="03/31/2016 15:08:37" />
    <file relUrl="plugins/ckeditor/build-config.js" publishTime="03/31/2016 15:08:36" />
    <file relUrl="dist/img/photo3.jpg" publishTime="03/31/2016 15:08:36" />
    <file relUrl="plugins/datatables/extensions/FixedHeader/js/dataTables.fixedHeader.js" publishTime="03/31/2016 15:08:37" />
    <file relUrl="plugins/flot/jquery.colorhelpers.js" publishTime="03/31/2016 15:08:38" />
    <file relUrl="plugins/ckeditor/plugins/a11yhelp/dialogs/lang/fr-ca.js" publishTime="03/31/2016 15:08:37" />
    <file relUrl="plugins/datatables/jquery.dataTables_themeroller.css" publishTime="03/31/2016 15:08:37" />
    <file relUrl="plugins/ckeditor/plugins/specialchar/dialogs/lang/ja.js" publishTime="03/31/2016 15:08:37" />
    <file relUrl="dist/css/skins/skin-blue.css" publishTime="03/31/2016 15:08:36" />
    <file relUrl="plugins/iCheck/minimal/red.css" publishTime="03/31/2016 15:08:38" />
    <file relUrl="plugins/ckeditor/lang/ar.js" publishTime="03/31/2016 15:08:36" />
    <file relUrl="plugins/datepicker/locales/bootstrap-datepicker.ja.js" publishTime="03/31/2016 15:08:37" />
    <file relUrl="plugins/datatables/extensions/ColReorder/examples/new_init.html" publishTime="03/31/2016 15:08:37" />
    <file relUrl="plugins/datatables/extensions/TableTools/examples/jqueryui.html" publishTime="03/31/2016 15:08:37" />
    <file relUrl="plugins/datepicker/locales/bootstrap-datepicker.ms.js" publishTime="03/31/2016 15:08:37" />
    <file relUrl="dist/img/credit/mestro.png" publishTime="03/31/2016 15:08:36" />
    <file relUrl="plugins/iCheck/minimal/orange.png" publishTime="03/31/2016 15:08:38" />
    <file relUrl="dist/css/jquery.jOrgChart.css" publishTime="05/31/2016 17:38:15" />
    <file relUrl="plugins/input-mask/jquery.inputmask.js" publishTime="03/31/2016 15:08:38" />
    <file relUrl="plugins/datatables/extensions/Scroller/examples/large_js_source.html" publishTime="03/31/2016 15:08:37" />
    <file relUrl="plugins/select2/i18n/ro.js" publishTime="03/31/2016 15:08:38" />
    <file relUrl="plugins/ckeditor/plugins/image/dialogs/image.js" publishTime="03/31/2016 15:08:37" />
    <file relUrl="plugins/ckeditor/plugins/a11yhelp/dialogs/lang/si.js" publishTime="03/31/2016 15:08:37" />
    <file relUrl="plugins/ckeditor/plugins/specialchar/dialogs/lang/ru.js" publishTime="03/31/2016 15:08:37" />
    <file relUrl="plugins/ckeditor/plugins/specialchar/dialogs/lang/pt.js" publishTime="03/31/2016 15:08:37" />
    <file relUrl="plugins/iCheck/flat/red@2x.png" publishTime="03/31/2016 15:08:38" />
    <file relUrl="plugins/ckeditor/plugins/a11yhelp/dialogs/lang/sl.js" publishTime="03/31/2016 15:08:37" />
    <file relUrl="Register.aspx" publishTime="04/19/2016 18:18:56" />
    <file relUrl="plugins/iCheck/minimal/minimal.png" publishTime="03/31/2016 15:08:38" />
    <file relUrl="plugins/test.css" publishTime="05/25/2016 15:36:52" />
    <file relUrl="plugins/datatables/extensions/ColVis/css/dataTables.colVis.css" publishTime="03/31/2016 15:08:37" />
    <file relUrl="plugins/iCheck/polaris/polaris.css" publishTime="03/31/2016 15:08:38" />
    <file relUrl="TreeRef1/basic-example.css" publishTime="05/23/2016 19:21:21" />
    <file relUrl="testtreeview/JqueryOrgChart/css/bootstrap.min.css" publishTime="05/31/2016 13:07:22" />
    <file relUrl="plugins/ckeditor/plugins/a11yhelp/dialogs/lang/nl.js" publishTime="03/31/2016 15:08:37" />
    <file relUrl="UserControl/EmailMessages.ascx" publishTime="03/31/2016 16:04:02" />
    <file relUrl="plugins/select2/i18n/nl.js" publishTime="03/31/2016 15:08:38" />
    <file relUrl="plugins/datepicker/locales/bootstrap-datepicker.nl-BE.js" publishTime="03/31/2016 15:08:37" />
    <file relUrl="dist/js/app.js" publishTime="03/31/2016 15:08:36" />
    <file relUrl="plugins/ckeditor/lang/cs.js" publishTime="03/31/2016 15:08:36" />
    <file relUrl="UserProfile.aspx" publishTime="05/25/2016 16:29:16" />
    <file relUrl="plugins/ckeditor/plugins/scayt/dialogs/options.js" publishTime="03/31/2016 15:08:37" />
    <file relUrl="dist/css/skins/skin-green.css" publishTime="03/31/2016 15:08:36" />
    <file relUrl="plugins/ckeditor/plugins/a11yhelp/dialogs/a11yhelp.js" publishTime="03/31/2016 15:08:37" />
    <file relUrl="plugins/datatables/extensions/Responsive/examples/child-rows/custom-renderer.html" publishTime="03/31/2016 15:08:37" />
    <file relUrl="plugins/datatables/extensions/AutoFill/js/dataTables.autoFill.js" publishTime="03/31/2016 15:08:37" />
    <file relUrl="plugins/datatables/extensions/Scroller/css/dataTables.scroller.css" publishTime="03/31/2016 15:08:37" />
    <file relUrl="plugins/ckeditor/plugins/link/dialogs/link.js" publishTime="03/31/2016 15:08:37" />
    <file relUrl="plugins/flot/jquery.flot.js" publishTime="03/31/2016 15:08:38" />
    <file relUrl="plugins/ckeditor/plugins/a11yhelp/dialogs/lang/sk.js" publishTime="03/31/2016 15:08:37" />
    <file relUrl="plugins/ckeditor/plugins/a11yhelp/dialogs/lang/gl.js" publishTime="03/31/2016 15:08:37" />
    <file relUrl="plugins/datatables/extensions/Scroller/js/dataTables.scroller.min.js" publishTime="03/31/2016 15:08:37" />
    <file relUrl="plugins/ckeditor/lang/mk.js" publishTime="03/31/2016 15:08:37" />
    <file relUrl="plugins/flot/jquery.flot.canvas.min.js" publishTime="03/31/2016 15:08:38" />
    <file relUrl="plugins/datepicker/locales/bootstrap-datepicker.hu.js" publishTime="03/31/2016 15:08:37" />
    <file relUrl="plugins/iCheck/flat/_all.css" publishTime="03/31/2016 15:08:38" />
    <file relUrl="plugins/datatables/extensions/ColReorder/License.txt" publishTime="03/31/2016 15:08:37" />
    <file relUrl="plugins/daterangepicker/daterangepicker.js" publishTime="03/31/2016 15:08:38" />
    <file relUrl="bin/CommonBL.dll" publishTime="05/31/2016 17:20:42" />
    <file relUrl="plugins/fullcalendar/fullcalendar.js" publishTime="03/31/2016 15:08:38" />
    <file relUrl="plugins/datatables/extensions/FixedColumns/examples/simple.html" publishTime="03/31/2016 15:08:37" />
    <file relUrl="plugins/datatables/images/sort_desc_disabled.png" publishTime="03/31/2016 15:08:37" />
    <file relUrl="plugins/select2/i18n/pl.js" publishTime="03/31/2016 15:08:38" />
    <file relUrl="plugins/select2/i18n/cs.js" publishTime="03/31/2016 15:08:38" />
    <file relUrl="plugins/select2/i18n/vi.js" publishTime="03/31/2016 15:08:38" />
    <file relUrl="plugins/ckeditor/plugins/wsc/dialogs/wsc_ie.js" publishTime="03/31/2016 15:08:37" />
    <file relUrl="plugins/flot/jquery.flot.resize.js" publishTime="03/31/2016 15:08:38" />
    <file relUrl="plugins/datatables/extensions/Scroller/css/dataTables.scroller.min.css" publishTime="03/31/2016 15:08:37" />
    <file relUrl="plugins/ckeditor/lang/hi.js" publishTime="03/31/2016 15:08:36" />
    <file relUrl="plugins/datatables/extensions/TableTools/images/print.png" publishTime="03/31/2016 15:08:37" />
    <file relUrl="plugins/flot/jquery.flot.symbol.js" publishTime="03/31/2016 15:08:38" />
    <file relUrl="plugins/ckeditor/lang/nl.js" publishTime="03/31/2016 15:08:37" />
    <file relUrl="plugins/datatables/extensions/KeyTable/css/dataTables.keyTable.min.css" publishTime="03/31/2016 15:08:37" />
    <file relUrl="plugins/select2/i18n/de.js" publishTime="03/31/2016 15:08:38" />
    <file relUrl="plugins/iCheck/line/yellow.css" publishTime="03/31/2016 15:08:38" />
    <file relUrl="plugins/iCheck/square/orange@2x.png" publishTime="03/31/2016 15:08:38" />
    <file relUrl="plugins/ckeditor/skins/moono/dialog_ie7.css" publishTime="03/31/2016 15:08:37" />
    <file relUrl="plugins/datatables/extensions/ColReorder/examples/predefined.html" publishTime="03/31/2016 15:08:37" />
    <file relUrl="plugins/ckeditor/plugins/icons_hidpi.png" publishTime="03/31/2016 15:08:37" />
    <file relUrl="plugins/ckeditor/plugins/a11yhelp/dialogs/lang/no.js" publishTime="03/31/2016 15:08:37" />
    <file relUrl="plugins/datepicker/locales/bootstrap-datepicker.is.js" publishTime="03/31/2016 15:08:37" />
    <file relUrl="plugins/datepicker/locales/bootstrap-datepicker.sv.js" publishTime="03/31/2016 15:08:38" />
    <file relUrl="plugins/datepicker/locales/bootstrap-datepicker.kr.js" publishTime="03/31/2016 15:08:37" />
    <file relUrl="plugins/datatables/extensions/ColVis/js/dataTables.colVis.min.js" publishTime="03/31/2016 15:08:37" />
    <file relUrl="plugins/ckeditor/plugins/a11yhelp/dialogs/lang/fa.js" publishTime="03/31/2016 15:08:37" />
    <file relUrl="img/hfavicon.png" publishTime="05/25/2016 16:02:52" />
    <file relUrl="plugins/datepicker/locales/bootstrap-datepicker.sk.js" publishTime="03/31/2016 15:08:38" />
    <file relUrl="plugins/iCheck/line/line.png" publishTime="03/31/2016 15:08:38" />
    <file relUrl="plugins/flot/jquery.flot.categories.js" publishTime="03/31/2016 15:08:38" />
    <file relUrl="plugins/ckeditor/plugins/specialchar/dialogs/specialchar.js" publishTime="03/31/2016 15:08:37" />
    <file relUrl="plugins/ckeditor/skins/moono/editor_gecko.css" publishTime="03/31/2016 15:08:37" />
    <file relUrl="plugins/ckeditor/plugins/a11yhelp/dialogs/lang/ro.js" publishTime="03/31/2016 15:08:37" />
    <file relUrl="plugins/ckeditor/lang/pl.js" publishTime="03/31/2016 15:08:37" />
    <file relUrl="plugins/datatables/extensions/Responsive/examples/display-control/init-classes.html" publishTime="03/31/2016 15:08:37" />
    <file relUrl="plugins/ckeditor/plugins/specialchar/dialogs/lang/ar.js" publishTime="03/31/2016 15:08:37" />
    <file relUrl="plugins/ckeditor/skins/moono/dialog_opera.css" publishTime="03/31/2016 15:08:37" />
    <file relUrl="dist/img/photo1.png" publishTime="03/31/2016 15:08:36" />
    <file relUrl="plugins/ckeditor/plugins/a11yhelp/dialogs/lang/lv.js" publishTime="03/31/2016 15:08:37" />
    <file relUrl="plugins/iCheck/flat/red.css" publishTime="03/31/2016 15:08:38" />
    <file relUrl="plugins/iCheck/minimal/minimal@2x.png" publishTime="03/31/2016 15:08:38" />
    <file relUrl="plugins/bootstrap-wysihtml5/bootstrap3-wysihtml5.css" publishTime="03/31/2016 15:08:36" />
    <file relUrl="plugins/datepicker/locales/bootstrap-datepicker.mk.js" publishTime="03/31/2016 15:08:37" />
    <file relUrl="plugins/chartjs/Chart.min.js" publishTime="03/31/2016 15:08:36" />
    <file relUrl="plugins/ckeditor/plugins/a11yhelp/dialogs/lang/gu.js" publishTime="03/31/2016 15:08:37" />
    <file relUrl="plugins/flot/jquery.flot.resize.min.js" publishTime="03/31/2016 15:08:38" />
    <file relUrl="testtreeview/JqueryOrgChart/css/custom.css" publishTime="05/31/2016 13:07:22" />
    <file relUrl="plugins/datatables/extensions/TableTools/examples/new_init.html" publishTime="03/31/2016 15:08:37" />
    <file relUrl="plugins/ckeditor/plugins/link/images/hidpi/anchor.png" publishTime="03/31/2016 15:08:37" />
    <file relUrl="plugins/datatables/extensions/TableTools/examples/bootstrap.html" publishTime="03/31/2016 15:08:37" />
    <file relUrl="plugins/select2/i18n/eu.js" publishTime="03/31/2016 15:08:38" />
    <file relUrl="plugins/iCheck/square/grey.css" publishTime="03/31/2016 15:08:38" />
    <file relUrl="plugins/timepicker/bootstrap-timepicker.js" publishTime="03/31/2016 15:08:38" />
    <file relUrl="plugins/ckeditor/plugins/a11yhelp/dialogs/lang/sq.js" publishTime="03/31/2016 15:08:37" />
    <file relUrl="plugins/ckeditor/skins/moono/icons_hidpi.png" publishTime="03/31/2016 15:08:37" />
    <file relUrl="plugins/datatables/extensions/TableTools/examples/collection.html" publishTime="03/31/2016 15:08:37" />
    <file relUrl="plugins/flot/jquery.flot.navigate.js" publishTime="03/31/2016 15:08:38" />
    <file relUrl="plugins/ckeditor/plugins/a11yhelp/dialogs/lang/id.js" publishTime="03/31/2016 15:08:37" />
    <file relUrl="plugins/iCheck/flat/blue.css" publishTime="03/31/2016 15:08:38" />
    <file relUrl="plugins/datatables/extensions/Responsive/examples/initialisation/new.html" publishTime="03/31/2016 15:08:37" />
    <file relUrl="plugins/ckeditor/plugins/specialchar/dialogs/lang/pl.js" publishTime="03/31/2016 15:08:37" />
    <file relUrl="plugins/fastclick/fastclick.min.js" publishTime="03/31/2016 15:08:38" />
    <file relUrl="plugins/flot/jquery.flot.fillbetween.js" publishTime="03/31/2016 15:08:38" />
    <file relUrl="plugins/ckeditor/plugins/a11yhelp/dialogs/lang/nb.js" publishTime="03/31/2016 15:08:37" />
    <file relUrl="images/productimage.png" publishTime="04/07/2016 15:39:34" />
    <file relUrl="plugins/ckeditor/lang/he.js" publishTime="03/31/2016 15:08:36" />
    <file relUrl="plugins/datepicker/locales/bootstrap-datepicker.ka.js" publishTime="03/31/2016 15:08:37" />
    <file relUrl="plugins/ckeditor/skins/moono/editor_ie.css" publishTime="03/31/2016 15:08:37" />
    <file relUrl="plugins/select2/i18n/tr.js" publishTime="03/31/2016 15:08:38" />
    <file relUrl="plugins/ckeditor/plugins/fakeobjects/images/spacer.gif" publishTime="03/31/2016 15:08:37" />
    <file relUrl="plugins/fullcalendar/fullcalendar.min.css" publishTime="03/31/2016 15:08:38" />
    <file relUrl="plugins/datatables/extensions/ColReorder/examples/col_filter.html" publishTime="03/31/2016 15:08:37" />
    <file relUrl="plugins/datatables/extensions/TableTools/images/csv.png" publishTime="03/31/2016 15:08:37" />
    <file relUrl="plugins/ckeditor/plugins/a11yhelp/dialogs/lang/bg.js" publishTime="03/31/2016 15:08:37" />
    <file relUrl="plugins/select2/i18n/hi.js" publishTime="03/31/2016 15:08:38" />
    <file relUrl="plugins/ckeditor/plugins/a11yhelp/dialogs/lang/lt.js" publishTime="03/31/2016 15:08:37" />
    <file relUrl="plugins/daterangepicker/moment.min.js" publishTime="03/31/2016 15:08:38" />
    <file relUrl="plugins/iCheck/line/line.css" publishTime="03/31/2016 15:08:38" />
    <file relUrl="plugins/ckeditor/plugins/a11yhelp/dialogs/lang/eo.js" publishTime="03/31/2016 15:08:37" />
    <file relUrl="plugins/flot/jquery.flot.min.js" publishTime="03/31/2016 15:08:38" />
    <file relUrl="MaintainOrganization.aspx" publishTime="05/30/2016 15:58:54" />
    <file relUrl="plugins/ckeditor/plugins/specialchar/dialogs/lang/nl.js" publishTime="03/31/2016 15:08:37" />
    <file relUrl="MaintainUserType.aspx" publishTime="05/30/2016 16:00:25" />
    <file relUrl="plugins/ckeditor/skins/moono/editor_iequirks.css" publishTime="03/31/2016 15:08:37" />
    <file relUrl="plugins/datatables/extensions/ColVis/js/dataTables.colVis.js" publishTime="03/31/2016 15:08:37" />
    <file relUrl="plugins/datatables/extensions/TableTools/examples/alter_buttons.html" publishTime="03/31/2016 15:08:37" />
    <file relUrl="plugins/iCheck/square/blue.png" publishTime="03/31/2016 15:08:38" />
    <file relUrl="plugins/datatables/extensions/ColVis/examples/two_tables.html" publishTime="03/31/2016 15:08:37" />
    <file relUrl="plugins/iCheck/icheck.js" publishTime="03/31/2016 15:08:38" />
    <file relUrl="UserControl/NotificationMessages.ascx" publishTime="03/31/2016 16:04:26" />
    <file relUrl="plugins/ckeditor/plugins/specialchar/dialogs/lang/it.js" publishTime="03/31/2016 15:08:37" />
    <file relUrl="plugins/datatables/extensions/ColReorder/examples/server_side.html" publishTime="03/31/2016 15:08:37" />
    <file relUrl="EPinManagement.aspx" publishTime="05/31/2016 12:58:24" />
    <file relUrl="plugins/ionslider/img/sprite-skin-nice.png" publishTime="03/31/2016 15:08:38" />
    <file relUrl="References/base.css" publishTime="05/23/2016 15:20:20" />
    <file relUrl="plugins/ckeditor/lang/bs.js" publishTime="03/31/2016 15:08:36" />
    <file relUrl="testtreeview/JqueryOrgChart/images/bkgd.png" publishTime="05/31/2016 13:07:22" />
    <file relUrl="img/arousepowerlogo_white.png" publishTime="05/25/2016 16:39:48" />
    <file relUrl="MaintainPackageDetails.aspx" publishTime="05/30/2016 16:00:17" />
    <file relUrl="plugins/ckeditor/plugins/icons.png" publishTime="03/31/2016 15:08:37" />
    <file relUrl="plugins/datatables/extensions/ColVis/examples/new_init.html" publishTime="03/31/2016 15:08:37" />
    <file relUrl="plugins/datatables/extensions/KeyTable/js/dataTables.keyTable.js" publishTime="03/31/2016 15:08:37" />
    <file relUrl="plugins/ckeditor/lang/af.js" publishTime="03/31/2016 15:08:36" />
    <file relUrl="plugins/ckeditor/lang/ug.js" publishTime="03/31/2016 15:08:37" />
    <file relUrl="plugins/fastclick/fastclick.js" publishTime="03/31/2016 15:08:38" />
    <file relUrl="dist/css/skins/skin-yellow.css" publishTime="03/31/2016 15:08:36" />
    <file relUrl="plugins/datatables/extensions/Responsive/examples/styling/compact.html" publishTime="03/31/2016 15:08:37" />
    <file relUrl="plugins/iCheck/minimal/purple.css" publishTime="03/31/2016 15:08:38" />
    <file relUrl="dist/css/skins/skin-red.css" publishTime="03/31/2016 15:08:36" />
    <file relUrl="plugins/ckeditor/skins/moono/dialog.css" publishTime="03/31/2016 15:08:37" />
    <file relUrl="plugins/iCheck/minimal/yellow.png" publishTime="03/31/2016 15:08:38" />
    <file relUrl="plugins/ckeditor/skins/moono/images/hidpi/lock.png" publishTime="03/31/2016 15:08:37" />
    <file relUrl="plugins/ckeditor/plugins/specialchar/dialogs/lang/lv.js" publishTime="03/31/2016 15:08:37" />
    <file relUrl="plugins/ckeditor/lang/sl.js" publishTime="03/31/2016 15:08:37" />
    <file relUrl="plugins/ckeditor/plugins/specialchar/dialogs/lang/gl.js" publishTime="03/31/2016 15:08:37" />
    <file relUrl="plugins/ckeditor/plugins/specialchar/dialogs/lang/eo.js" publishTime="03/31/2016 15:08:37" />
    <file relUrl="plugins/datatables/extensions/FixedColumns/css/dataTables.fixedColumns.css" publishTime="03/31/2016 15:08:37" />
    <file relUrl="plugins/select2/i18n/en.js" publishTime="03/31/2016 15:08:38" />
    <file relUrl="plugins/ckeditor/plugins/specialchar/dialogs/lang/no.js" publishTime="03/31/2016 15:08:37" />
    <file relUrl="plugins/datatables/extensions/TableTools/css/dataTables.tableTools.min.css" publishTime="03/31/2016 15:08:37" />
    <file relUrl="plugins/ckeditor/skins/moono/dialog_iequirks.css" publishTime="03/31/2016 15:08:37" />
    <file relUrl="plugins/datepicker/locales/bootstrap-datepicker.zh-TW.js" publishTime="03/31/2016 15:08:38" />
    <file relUrl="plugins/ckeditor/lang/cy.js" publishTime="03/31/2016 15:08:36" />
    <file relUrl="plugins/iCheck/minimal/yellow.css" publishTime="03/31/2016 15:08:38" />
    <file relUrl="plugins/iCheck/line/purple.css" publishTime="03/31/2016 15:08:38" />
    <file relUrl="plugins/datepicker/locales/bootstrap-datepicker.rs.js" publishTime="03/31/2016 15:08:38" />
    <file relUrl="plugins/datatables/extensions/FixedHeader/Readme.txt" publishTime="03/31/2016 15:08:37" />
    <file relUrl="plugins/ckeditor/plugins/specialchar/dialogs/lang/fr.js" publishTime="03/31/2016 15:08:37" />
    <file relUrl="plugins/ckeditor/plugins/about/dialogs/hidpi/logo_ckeditor.png" publishTime="03/31/2016 15:08:37" />
    <file relUrl="plugins/datatables/extensions/ColReorder/js/dataTables.colReorder.min.js" publishTime="03/31/2016 15:08:37" />
    <file relUrl="plugins/datepicker/locales/bootstrap-datepicker.ua.js" publishTime="03/31/2016 15:08:38" />
    <file relUrl="SessionExpired.aspx" publishTime="05/30/2016 16:09:43" />
    <file relUrl="plugins/datepicker/locales/bootstrap-datepicker.el.js" publishTime="03/31/2016 15:08:37" />
    <file relUrl="plugins/iCheck/square/red.png" publishTime="03/31/2016 15:08:38" />
    <file relUrl="plugins/iCheck/minimal/red@2x.png" publishTime="03/31/2016 15:08:38" />
    <file relUrl="plugins/select2/i18n/uk.js" publishTime="03/31/2016 15:08:38" />
    <file relUrl="plugins/iCheck/square/pink@2x.png" publishTime="03/31/2016 15:08:38" />
    <file relUrl="plugins/select2/i18n/th.js" publishTime="03/31/2016 15:08:38" />
    <file relUrl="testtreeview/js/jquery-1.8.0.min.js" publishTime="04/19/2016 12:33:56" />
    <file relUrl="dist/js/example1.js" publishTime="05/31/2016 18:26:15" />
    <file relUrl="plugins/ckeditor/plugins/a11yhelp/dialogs/lang/zh-cn.js" publishTime="03/31/2016 15:08:37" />
    <file relUrl="plugins/ckeditor/lang/gu.js" publishTime="03/31/2016 15:08:36" />
    <file relUrl="plugins/ckeditor/plugins/a11yhelp/dialogs/lang/et.js" publishTime="03/31/2016 15:08:37" />
    <file relUrl="plugins/ckeditor/plugins/specialchar/dialogs/lang/_translationstatus.txt" publishTime="03/31/2016 15:08:37" />
    <file relUrl="plugins/ckeditor/plugins/a11yhelp/dialogs/lang/pt-br.js" publishTime="03/31/2016 15:08:37" />
    <file relUrl="testtreeview/JqueryOrgChart/images/raspberry.jpg" publishTime="05/31/2016 13:07:22" />
    <file relUrl="plugins/datepicker/locales/bootstrap-datepicker.rs-latin.js" publishTime="03/31/2016 15:08:38" />
    <file relUrl="plugins/fullcalendar/fullcalendar.print.css" publishTime="03/31/2016 15:08:38" />
    <file relUrl="plugins/iCheck/flat/blue.png" publishTime="03/31/2016 15:08:38" />
    <file relUrl="plugins/datatables/extensions/ColReorder/images/insert.png" publishTime="03/31/2016 15:08:37" />
    <file relUrl="plugins/google_Vizualization_OrgChart.css" publishTime="05/25/2016 14:33:50" />
    <file relUrl="images/hari1.png" publishTime="04/18/2016 18:39:19" />
    <file relUrl="plugins/datatables/extensions/ColVis/examples/mouseover.html" publishTime="03/31/2016 15:08:37" />
    <file relUrl="plugins/ckeditor/plugins/table/dialogs/table.js" publishTime="03/31/2016 15:08:37" />
    <file relUrl="plugins/datatables/extensions/Responsive/examples/display-control/complexHeader.html" publishTime="03/31/2016 15:08:37" />
    <file relUrl="plugins/datatables/extensions/Responsive/css/dataTables.responsive.css" publishTime="03/31/2016 15:08:37" />
    <file relUrl="plugins/datatables/extensions/AutoFill/examples/complete-callback.html" publishTime="03/31/2016 15:08:37" />
    <file relUrl="plugins/ckeditor/lang/nb.js" publishTime="03/31/2016 15:08:37" />
    <file relUrl="plugins/datatables/extensions/KeyTable/examples/index.html" publishTime="03/31/2016 15:08:37" />
    <file relUrl="plugins/datatables/extensions/TableTools/images/csv_hover.png" publishTime="03/31/2016 15:08:37" />
    <file relUrl="plugins/datepicker/locales/bootstrap-datepicker.ru.js" publishTime="03/31/2016 15:08:38" />
    <file relUrl="dist/css/skins/skin-yellow-light.min.css" publishTime="03/31/2016 15:08:36" />
    <file relUrl="plugins/datatables/extensions/ColVis/examples/jqueryui.html" publishTime="03/31/2016 15:08:37" />
    <file relUrl="plugins/bootstrap-wysihtml5/bootstrap3-wysihtml5.all.js" publishTime="03/31/2016 15:08:36" />
    <file relUrl="TreeRef1/Treant.js" publishTime="05/23/2016 19:22:28" />
    <file relUrl="plugins/ckeditor/plugins/specialchar/dialogs/lang/vi.js" publishTime="03/31/2016 15:08:37" />
    <file relUrl="plugins/ckeditor/plugins/specialchar/dialogs/lang/th.js" publishTime="03/31/2016 15:08:37" />
    <file relUrl="plugins/ckeditor/plugins/a11yhelp/dialogs/lang/hu.js" publishTime="03/31/2016 15:08:37" />
    <file relUrl="plugins/select2/select2.full.min.js" publishTime="03/31/2016 15:08:38" />
    <file relUrl="plugins/datatables/extensions/ColVis/examples/restore.html" publishTime="03/31/2016 15:08:37" />
    <file relUrl="plugins/datatables/extensions/TableTools/images/copy_hover.png" publishTime="03/31/2016 15:08:37" />
    <file relUrl="plugins/ckeditor/plugins/a11yhelp/dialogs/lang/de.js" publishTime="03/31/2016 15:08:37" />
    <file relUrl="plugins/datatables/images/sort_both.png" publishTime="03/31/2016 15:08:37" />
    <file relUrl="dist/css/skins/skin-blue.min.css" publishTime="03/31/2016 15:08:36" />
    <file relUrl="TreeRef1/BasicTree.aspx" publishTime="05/23/2016 20:55:41" />
    <file relUrl="plugins/iCheck/square/_all.css" publishTime="03/31/2016 15:08:38" />
    <file relUrl="plugins/iCheck/flat/orange.png" publishTime="03/31/2016 15:08:38" />
    <file relUrl="plugins/datatables/extensions/Responsive/examples/styling/bootstrap.html" publishTime="03/31/2016 15:08:37" />
    <file relUrl="dist/css/skins/skin-black-light.css" publishTime="03/31/2016 15:08:36" />
    <file relUrl="dist/css/skins/skin-black.css" publishTime="03/31/2016 15:08:36" />
    <file relUrl="plugins/datatables/extensions/TableTools/examples/ajax.html" publishTime="03/31/2016 15:08:37" />
    <file relUrl="plugins/datatables/extensions/Responsive/examples/index.html" publishTime="03/31/2016 15:08:37" />
    <file relUrl="plugins/ckeditor/plugins/a11yhelp/dialogs/lang/hr.js" publishTime="03/31/2016 15:08:37" />
    <file relUrl="plugins/iCheck/minimal/_all.css" publishTime="03/31/2016 15:08:38" />
    <file relUrl="plugins/datatables/extensions/FixedColumns/css/dataTables.fixedColumns.min.css" publishTime="03/31/2016 15:08:37" />
    <file relUrl="plugins/timepicker/bootstrap-timepicker.min.js" publishTime="03/31/2016 15:08:38" />
    <file relUrl="plugins/iCheck/minimal/aero.css" publishTime="03/31/2016 15:08:38" />
    <file relUrl="bootstrap/js/npm.js" publishTime="03/31/2016 15:08:36" />
    <file relUrl="dist/css/custom.css" publishTime="05/31/2016 17:37:00" />
    <file relUrl="plugins/ckeditor/skins/moono/editor.css" publishTime="03/31/2016 15:08:37" />
    <file relUrl="img/arousepowerlogo.png" publishTime="05/25/2016 16:16:28" />
    <file relUrl="plugins/ckeditor/styles.js" publishTime="03/31/2016 15:08:37" />
    <file relUrl="plugins/datepicker/locales/bootstrap-datepicker.sw.js" publishTime="03/31/2016 15:08:38" />
    <file relUrl="plugins/fullcalendar/fullcalendar.css" publishTime="03/31/2016 15:08:38" />
    <file relUrl="plugins/datatables/extensions/KeyTable/css/dataTables.keyTable.css" publishTime="03/31/2016 15:08:37" />
    <file relUrl="plugins/ckeditor/lang/zh.js" publishTime="03/31/2016 15:08:37" />
    <file relUrl="plugins/datatables/extensions/Scroller/Readme.txt" publishTime="03/31/2016 15:08:37" />
    <file relUrl="TestTreeView.aspx" publishTime="05/23/2016 15:59:24" />
    <file relUrl="plugins/datatables/extensions/ColVis/examples/button_order.html" publishTime="03/31/2016 15:08:37" />
    <file relUrl="bootstrap/css/Custom.css" publishTime="04/18/2016 17:30:13" />
    <file relUrl="plugins/select2/i18n/az.js" publishTime="03/31/2016 15:08:38" />
    <file relUrl="plugins/ckeditor/lang/hr.js" publishTime="03/31/2016 15:08:36" />
    <file relUrl="bin/CommonBL.pdb" publishTime="05/31/2016 17:20:42" />
    <file relUrl="plugins/ckeditor/lang/fr-ca.js" publishTime="03/31/2016 15:08:36" />
    <file relUrl="dist/css/skins/skin-yellow-light.css" publishTime="03/31/2016 15:08:36" />
    <file relUrl="plugins/ckeditor/plugins/a11yhelp/dialogs/lang/th.js" publishTime="03/31/2016 15:08:37" />
    <file relUrl="plugins/datepicker/locales/bootstrap-datepicker.nl.js" publishTime="03/31/2016 15:08:37" />
    <file relUrl="plugins/datatables/extensions/ColReorder/examples/reset.html" publishTime="03/31/2016 15:08:37" />
    <file relUrl="plugins/flot/jquery.flot.image.min.js" publishTime="03/31/2016 15:08:38" />
    <file relUrl="plugins/datepicker/locales/bootstrap-datepicker.he.js" publishTime="03/31/2016 15:08:37" />
    <file relUrl="plugins/datatables/extensions/TableTools/examples/plug-in.html" publishTime="03/31/2016 15:08:37" />
    <file relUrl="plugins/datatables/extensions/Scroller/examples/state_saving.html" publishTime="03/31/2016 15:08:37" />
    <file relUrl="plugins/flot/jquery.flot.canvas.js" publishTime="03/31/2016 15:08:38" />
    <file relUrl="plugins/ckeditor/plugins/a11yhelp/dialogs/lang/cs.js" publishTime="03/31/2016 15:08:37" />
    <file relUrl="plugins/bootstrap-wysihtml5/bootstrap3-wysihtml5.all.min.js" publishTime="03/31/2016 15:08:36" />
    <file relUrl="plugins/datepicker/locales/bootstrap-datepicker.sq.js" publishTime="03/31/2016 15:08:38" />
    <file relUrl="plugins/datepicker/locales/bootstrap-datepicker.az.js" publishTime="03/31/2016 15:08:37" />
    <file relUrl="img/arousepowerlogo_med.png" publishTime="05/25/2016 16:36:56" />
    <file relUrl="plugins/ckeditor/lang/ca.js" publishTime="03/31/2016 15:08:36" />
    <file relUrl="plugins/pace/pace.js" publishTime="03/31/2016 15:08:38" />
    <file relUrl="plugins/ckeditor/plugins/clipboard/dialogs/paste.js" publishTime="03/31/2016 15:08:37" />
    <file relUrl="plugins/ckeditor/plugins/specialchar/dialogs/lang/ku.js" publishTime="03/31/2016 15:08:37" />
    <file relUrl="plugins/iCheck/minimal/blue@2x.png" publishTime="03/31/2016 15:08:38" />
    <file relUrl="plugins/ckeditor/plugins/wsc/dialogs/tmpFrameset.html" publishTime="03/31/2016 15:08:37" />
    <file relUrl="plugins/iCheck/minimal/green@2x.png" publishTime="03/31/2016 15:08:38" />
    <file relUrl="plugins/datatables/extensions/ColVis/examples/simple.html" publishTime="03/31/2016 15:08:37" />
    <file relUrl="plugins/datatables/extensions/TableTools/images/pdf.png" publishTime="03/31/2016 15:08:37" />
    <file relUrl="plugins/datatables/extensions/KeyTable/examples/html.html" publishTime="03/31/2016 15:08:37" />
    <file relUrl="plugins/ckeditor/plugins/a11yhelp/dialogs/lang/da.js" publishTime="03/31/2016 15:08:37" />
    <file relUrl="plugins/ckeditor/lang/en-ca.js" publishTime="03/31/2016 15:08:36" />
    <file relUrl="plugins/fonts/ionicons.svg" publishTime="05/25/2016 18:51:16" />
    <file relUrl="plugins/datatables/extensions/AutoFill/examples/fill-both.html" publishTime="03/31/2016 15:08:37" />
    <file relUrl="plugins/iCheck/square/aero.png" publishTime="03/31/2016 15:08:38" />
    <file relUrl="plugins/datatables/extensions/ColVis/examples/group_columns.html" publishTime="03/31/2016 15:08:37" />
    <file relUrl="plugins/ckeditor/plugins/specialchar/dialogs/lang/el.js" publishTime="03/31/2016 15:08:37" />
    <file relUrl="plugins/ckeditor/plugins/scayt/dialogs/toolbar.css" publishTime="03/31/2016 15:08:37" />
    <file relUrl="dist/img/user4-128x128.jpg" publishTime="03/31/2016 15:08:36" />
    <file relUrl="Login.aspx" publishTime="05/25/2016 17:00:44" />
    <file relUrl="plugins/flot/jquery.flot.crosshair.js" publishTime="03/31/2016 15:08:38" />
    <file relUrl="plugins/ckeditor/plugins/wsc/dialogs/wsc.css" publishTime="03/31/2016 15:08:37" />
    <file relUrl="plugins/datatables/extensions/TableTools/images/collection_hover.png" publishTime="03/31/2016 15:08:37" />
    <file relUrl="plugins/flot/jquery.flot.pie.min.js" publishTime="03/31/2016 15:08:38" />
    <file relUrl="dist/img/avatar04.png" publishTime="03/31/2016 15:08:36" />
    <file relUrl="plugins/ckeditor/plugins/a11yhelp/dialogs/lang/ar.js" publishTime="03/31/2016 15:08:37" />
    <file relUrl="dist/img/avatar.png" publishTime="03/31/2016 15:08:36" />
    <file relUrl="plugins/ckeditor/plugins/specialchar/dialogs/lang/hr.js" publishTime="03/31/2016 15:08:37" />
    <file relUrl="dist/css/AdminLTE.min.css" publishTime="03/31/2016 15:08:36" />
    <file relUrl="plugins/iCheck/square/green.png" publishTime="03/31/2016 15:08:38" />
    <file relUrl="plugins/flot/jquery.flot.selection.js" publishTime="03/31/2016 15:08:38" />
    <file relUrl="plugins/ckeditor/lang/bg.js" publishTime="03/31/2016 15:08:36" />
    <file relUrl="plugins/datatables/extensions/AutoFill/css/dataTables.autoFill.min.css" publishTime="03/31/2016 15:08:37" />
    <file relUrl="img/session_expired.png" publishTime="05/25/2016 16:00:36" />
    <file relUrl="MaintainPackageProducts.aspx" publishTime="05/30/2016 16:00:15" />
    <file relUrl="plugins/ckeditor/plugins/specialchar/dialogs/lang/sv.js" publishTime="03/31/2016 15:08:37" />
    <file relUrl="dist/img/user7-128x128.jpg" publishTime="03/31/2016 15:08:36" />
    <file relUrl="plugins/ckeditor/contents.css" publishTime="03/31/2016 15:08:36" />
    <file relUrl="dist/img/user6-128x128.jpg" publishTime="03/31/2016 15:08:36" />
    <file relUrl="plugins/datatables/extensions/TableTools/js/dataTables.tableTools.js" publishTime="03/31/2016 15:08:37" />
    <file relUrl="plugins/datepicker/datepicker3.css" publishTime="03/31/2016 15:08:37" />
    <file relUrl="plugins/ckeditor/skins/moono/images/hidpi/close.png" publishTime="03/31/2016 15:08:37" />
    <file relUrl="plugins/datatables/extensions/AutoFill/css/dataTables.autoFill.css" publishTime="03/31/2016 15:08:37" />
    <file relUrl="plugins/iCheck/futurico/futurico.css" publishTime="03/31/2016 15:08:38" />
    <file relUrl="plugins/ckeditor/plugins/specialchar/dialogs/lang/sk.js" publishTime="03/31/2016 15:08:37" />
    <file relUrl="dist/img/credit/paypal.png" publishTime="03/31/2016 15:08:36" />
    <file relUrl="plugins/iCheck/line/aero.css" publishTime="03/31/2016 15:08:38" />
    <file relUrl="plugins/datatables/extensions/KeyTable/Readme.txt" publishTime="03/31/2016 15:08:37" />
    <file relUrl="plugins/iCheck/line/green.css" publishTime="03/31/2016 15:08:38" />
    <file relUrl="plugins/iCheck/minimal/blue.png" publishTime="03/31/2016 15:08:38" />
    <file relUrl="bootstrap/fonts/glyphicons-halflings-regular.svg" publishTime="03/31/2016 15:08:36" />
    <file relUrl="plugins/ckeditor/plugins/specialchar/dialogs/lang/es.js" publishTime="03/31/2016 15:08:37" />
    <file relUrl="plugins/ckeditor/lang/en-au.js" publishTime="03/31/2016 15:08:36" />
    <file relUrl="plugins/ckeditor/plugins/a11yhelp/dialogs/lang/ug.js" publishTime="03/31/2016 15:08:37" />
    <file relUrl="plugins/datepicker/locales/bootstrap-datepicker.pt-BR.js" publishTime="03/31/2016 15:08:37" />
    <file relUrl="plugins/datepicker/locales/bootstrap-datepicker.lv.js" publishTime="03/31/2016 15:08:37" />
    <file relUrl="plugins/colorpicker/bootstrap-colorpicker.min.js" publishTime="03/31/2016 15:08:37" />
    <file relUrl="plugins/colorpicker/img/alpha.png" publishTime="03/31/2016 15:08:37" />
    <file relUrl="plugins/ckeditor/plugins/image/images/noimage.png" publishTime="03/31/2016 15:08:37" />
    <file relUrl="plugins/iCheck/square/green.css" publishTime="03/31/2016 15:08:38" />
    <file relUrl="plugins/iCheck/flat/green@2x.png" publishTime="03/31/2016 15:08:38" />
    <file relUrl="plugins/bootstrap-wysihtml5/bootstrap3-wysihtml5.min.css" publishTime="03/31/2016 15:08:36" />
    <file relUrl="plugins/ckeditor/plugins/a11yhelp/dialogs/lang/mk.js" publishTime="03/31/2016 15:08:37" />
    <file relUrl="plugins/datatables/extensions/Responsive/js/dataTables.responsive.js" publishTime="03/31/2016 15:08:37" />
    <file relUrl="plugins/select2/i18n/bg.js" publishTime="03/31/2016 15:08:38" />
    <file relUrl="plugins/select2/i18n/gl.js" publishTime="03/31/2016 15:08:38" />
    <file relUrl="plugins/iCheck/square/orange.png" publishTime="03/31/2016 15:08:38" />
    <file relUrl="plugins/slimScroll/jquery.slimscroll.min.js" publishTime="03/31/2016 15:08:38" />
    <file relUrl="plugins/ckeditor/plugins/specialchar/dialogs/lang/nb.js" publishTime="03/31/2016 15:08:37" />
    <file relUrl="plugins/datatables/extensions/Scroller/examples/server-side_processing.html" publishTime="03/31/2016 15:08:37" />
    <file relUrl="ManageProducts.aspx" publishTime="05/30/2016 16:00:57" />
    <file relUrl="dist/img/photo4.jpg" publishTime="03/31/2016 15:08:36" />
    <file relUrl="plugins/datatables/extensions/AutoFill/images/filler.png" publishTime="03/31/2016 15:08:37" />
    <file relUrl="plugins/datatables/extensions/FixedHeader/js/dataTables.fixedHeader.min.js" publishTime="03/31/2016 15:08:37" />
    <file relUrl="plugins/datepicker/locales/bootstrap-datepicker.nb.js" publishTime="03/31/2016 15:08:37" />
    <file relUrl="plugins/ckeditor/lang/sv.js" publishTime="03/31/2016 15:08:37" />
    <file relUrl="plugins/ckeditor/lang/fa.js" publishTime="03/31/2016 15:08:36" />
    <file relUrl="dist/js/demo.js" publishTime="03/31/2016 15:08:36" />
    <file relUrl="plugins/flot/excanvas.js" publishTime="03/31/2016 15:08:38" />
    <file relUrl="plugins/select2/i18n/mk.js" publishTime="03/31/2016 15:08:38" />
    <file relUrl="plugins/ckeditor/lang/lt.js" publishTime="03/31/2016 15:08:37" />
    <file relUrl="plugins/datatables/extensions/ColReorder/js/dataTables.colReorder.js" publishTime="03/31/2016 15:08:37" />
    <file relUrl="plugins/select2/i18n/ko.js" publishTime="03/31/2016 15:08:38" />
    <file relUrl="plugins/jQueryUI/jquery-ui.min.js" publishTime="03/31/2016 15:08:38" />
    <file relUrl="plugins/datatables/extensions/TableTools/examples/button_text.html" publishTime="03/31/2016 15:08:37" />
    <file relUrl="plugins/ionslider/img/sprite-skin-flat.png" publishTime="03/31/2016 15:08:38" />
    <file relUrl="plugins/datepicker/locales/bootstrap-datepicker.lt.js" publishTime="03/31/2016 15:08:37" />
    <file relUrl="plugins/iCheck/flat/yellow.png" publishTime="03/31/2016 15:08:38" />
    <file relUrl="plugins/iCheck/minimal/orange.css" publishTime="03/31/2016 15:08:38" />
    <file relUrl="img/noimage.png" publishTime="04/08/2016 21:29:45" />
    <file relUrl="plugins/select2/i18n/he.js" publishTime="03/31/2016 15:08:38" />
    <file relUrl="plugins/datatables/extensions/FixedColumns/examples/rowspan.html" publishTime="03/31/2016 15:08:37" />
    <file relUrl="plugins/iCheck/square/blue.css" publishTime="03/31/2016 15:08:38" />
    <file relUrl="plugins/iCheck/flat/flat@2x.png" publishTime="03/31/2016 15:08:38" />
    <file relUrl="dist/js/pages/dashboard2.js" publishTime="03/31/2016 15:08:36" />
    <file relUrl="GenAnimTree.aspx" publishTime="05/31/2016 18:18:17" />
    <file relUrl="plugins/iCheck/flat/aero.css" publishTime="03/31/2016 15:08:38" />
    <file relUrl="plugins/select2/i18n/sk.js" publishTime="03/31/2016 15:08:38" />
    <file relUrl="plugins/datatables/extensions/FixedColumns/examples/index.html" publishTime="03/31/2016 15:08:37" />
    <file relUrl="plugins/select2/i18n/fi.js" publishTime="03/31/2016 15:08:38" />
    <file relUrl="plugins/iCheck/flat/yellow.css" publishTime="03/31/2016 15:08:38" />
    <file relUrl="plugins/flot/jquery.colorhelpers.min.js" publishTime="03/31/2016 15:08:38" />
    <file relUrl="plugins/datepicker/locales/bootstrap-datepicker.cs.js" publishTime="03/31/2016 15:08:37" />
    <file relUrl="plugins/datatables/extensions/TableTools/examples/select_os.html" publishTime="03/31/2016 15:08:37" />
    <file relUrl="dist/img/credit/visa.png" publishTime="03/31/2016 15:08:36" />
    <file relUrl="plugins/select2/i18n/is.js" publishTime="03/31/2016 15:08:38" />
    <file relUrl="plugins/datepicker/locales/bootstrap-datepicker.da.js" publishTime="03/31/2016 15:08:37" />
    <file relUrl="plugins/ckeditor/lang/ku.js" publishTime="03/31/2016 15:08:36" />
    <file relUrl="plugins/iCheck/futurico/futurico.png" publishTime="03/31/2016 15:08:38" />
    <file relUrl="plugins/iCheck/flat/yellow@2x.png" publishTime="03/31/2016 15:08:38" />
    <file relUrl="plugins/flot/jquery.flot.image.js" publishTime="03/31/2016 15:08:38" />
    <file relUrl="plugins/iCheck/minimal/aero.png" publishTime="03/31/2016 15:08:38" />
    <file relUrl="plugins/ckeditor/lang/lv.js" publishTime="03/31/2016 15:08:37" />
    <file relUrl="DashBoard.aspx" publishTime="05/27/2016 19:12:05" />
    <file relUrl="plugins/iCheck/flat/pink.css" publishTime="03/31/2016 15:08:38" />
    <file relUrl="plugins/iCheck/minimal/pink@2x.png" publishTime="03/31/2016 15:08:38" />
    <file relUrl="plugins/ckeditor/plugins/a11yhelp/dialogs/lang/fr.js" publishTime="03/31/2016 15:08:37" />
    <file relUrl="plugins/flot/jquery.flot.stack.min.js" publishTime="03/31/2016 15:08:38" />
    <file relUrl="plugins/flot/jquery.flot.fillbetween.min.js" publishTime="03/31/2016 15:08:38" />
    <file relUrl="plugins/iCheck/flat/flat.png" publishTime="03/31/2016 15:08:38" />
    <file relUrl="plugins/timepicker/bootstrap-timepicker.css" publishTime="03/31/2016 15:08:38" />
    <file relUrl="plugins/datatables/extensions/FixedColumns/examples/left_right_columns.html" publishTime="03/31/2016 15:08:37" />
    <file relUrl="plugins/flot/jquery.flot.selection.min.js" publishTime="03/31/2016 15:08:38" />
    <file relUrl="plugins/jQueryUI/jquery-ui.js" publishTime="03/31/2016 15:08:38" />
    <file relUrl="plugins/flot/jquery.flot.threshold.js" publishTime="03/31/2016 15:08:38" />
    <file relUrl="plugins/datatables/extensions/Responsive/examples/child-rows/whole-row-control.html" publishTime="03/31/2016 15:08:37" />
    <file relUrl="plugins/flot/jquery.flot.crosshair.min.js" publishTime="03/31/2016 15:08:38" />
    <file relUrl="bin/AdminPanel.dll" publishTime="05/31/2016 18:25:41" />
    <file relUrl="plugins/datatables/extensions/ColReorder/examples/state_save.html" publishTime="03/31/2016 15:08:37" />
    <file relUrl="img/expand.png" publishTime="04/08/2016 21:17:07" />
    <file relUrl="plugins/select2/i18n/da.js" publishTime="03/31/2016 15:08:38" />
    <file relUrl="plugins/datatables/extensions/FixedColumns/examples/size_fluid.html" publishTime="03/31/2016 15:08:37" />
    <file relUrl="plugins/iCheck/square/grey.png" publishTime="03/31/2016 15:08:38" />
    <file relUrl="img/collapse.png" publishTime="04/08/2016 21:21:22" />
    <file relUrl="plugins/iCheck/flat/pink@2x.png" publishTime="03/31/2016 15:08:38" />
    <file relUrl="plugins/datatables/extensions/Responsive/examples/initialisation/ajax.html" publishTime="03/31/2016 15:08:37" />
    <file relUrl="plugins/datatables/extensions/FixedColumns/examples/bootstrap.html" publishTime="03/31/2016 15:08:37" />
    <file relUrl="dist/img/credit/paypal2.png" publishTime="03/31/2016 15:08:36" />
    <file relUrl="plugins/ckeditor/plugins/specialchar/dialogs/lang/fa.js" publishTime="03/31/2016 15:08:37" />
    <file relUrl="bin/AdminPanel.pdb" publishTime="05/31/2016 18:25:41" />
    <file relUrl="plugins/chartjs/Chart.js" publishTime="03/31/2016 15:08:36" />
    <file relUrl="bootstrap/js/bootstrap.js" publishTime="03/31/2016 15:08:36" />
    <file relUrl="dist/img/avatar5.png" publishTime="03/31/2016 15:08:36" />
    <file relUrl="dist/css/skins/skin-purple.min.css" publishTime="03/31/2016 15:08:36" />
    <file relUrl="plugins/datepicker/locales/bootstrap-datepicker.fa.js" publishTime="03/31/2016 15:08:37" />
    <file relUrl="plugins/daterangepicker/daterangepicker-bs3.css" publishTime="03/31/2016 15:08:38" />
    <file relUrl="plugins/iCheck/icheck.min.js" publishTime="03/31/2016 15:08:38" />
    <file relUrl="plugins/iCheck/minimal/aero@2x.png" publishTime="03/31/2016 15:08:38" />
    <file relUrl="plugins/datatables/extensions/Scroller/images/loading-background.png" publishTime="03/31/2016 15:08:37" />
    <file relUrl="plugins/datepicker/locales/bootstrap-datepicker.et.js" publishTime="03/31/2016 15:08:37" />
    <file relUrl="plugins/datepicker/locales/bootstrap-datepicker.it.js" publishTime="03/31/2016 15:08:37" />
    <file relUrl="plugins/datatables/extensions/TableTools/images/print_hover.png" publishTime="03/31/2016 15:08:37" />
    <file relUrl="testtreeview/JqueryOrgChart/css/jquery.jOrgChart.css" publishTime="05/31/2016 13:07:22" />
    <file relUrl="plugins/ckeditor/plugins/specialchar/dialogs/lang/en.js" publishTime="03/31/2016 15:08:37" />
    <file relUrl="plugins/datatables/extensions/FixedColumns/examples/two_columns.html" publishTime="03/31/2016 15:08:37" />
    <file relUrl="plugins/iCheck/line/red.css" publishTime="03/31/2016 15:08:38" />
    <file relUrl="jquery.min.js" publishTime="05/23/2016 20:17:56" />
    <file relUrl="MaintainTreeView.aspx" publishTime="05/31/2016 12:56:12" />
    <file relUrl="plugins/iCheck/flat/aero@2x.png" publishTime="03/31/2016 15:08:38" />
    <file relUrl="plugins/datatables/extensions/TableTools/examples/defaults.html" publishTime="03/31/2016 15:08:37" />
    <file relUrl="plugins/datatables/extensions/FixedHeader/css/dataTables.fixedHeader.css" publishTime="03/31/2016 15:08:37" />
    <file relUrl="plugins/ckeditor/lang/el.js" publishTime="03/31/2016 15:08:36" />
    <file relUrl="plugins/ckeditor/lang/es.js" publishTime="03/31/2016 15:08:36" />
    <file relUrl="plugins/ckeditor/plugins/link/images/anchor.png" publishTime="03/31/2016 15:08:37" />
    <file relUrl="testtreeview/JqueryOrgChart/jquery.jOrgChart.js" publishTime="05/31/2016 13:07:22" />
    <file relUrl="plugins/iCheck/flat/aero.png" publishTime="03/31/2016 15:08:38" />
    <file relUrl="img/plus.png" publishTime="05/25/2016 14:48:37" />
    <file relUrl="plugins/ckeditor/plugins/specialchar/dialogs/lang/et.js" publishTime="03/31/2016 15:08:37" />
    <file relUrl="plugins/iCheck/minimal/pink.png" publishTime="03/31/2016 15:08:38" />
    <file relUrl="plugins/ckeditor/plugins/a11yhelp/dialogs/lang/cy.js" publishTime="03/31/2016 15:08:37" />
    <file relUrl="plugins/flot/jquery.flot.pie.js" publishTime="03/31/2016 15:08:38" />
    <file relUrl="testtreeview/JqueryOrgChart/prettify.js" publishTime="05/31/2016 13:07:22" />
    <file relUrl="plugins/colorpicker/img/alpha-horizontal.png" publishTime="03/31/2016 15:08:37" />
    <file relUrl="dist/css/skins/skin-green-light.min.css" publishTime="03/31/2016 15:08:36" />
    <file relUrl="plugins/datatables/extensions/ColVis/License.txt" publishTime="03/31/2016 15:08:37" />
    <file relUrl="plugins/datepicker/locales/bootstrap-datepicker.zh-CN.js" publishTime="03/31/2016 15:08:38" />
    <file relUrl="plugins/datatables/extensions/KeyTable/examples/events.html" publishTime="03/31/2016 15:08:37" />
    <file relUrl="plugins/jvectormap/jquery-jvectormap-1.2.2.css" publishTime="03/31/2016 15:08:38" />
    <file relUrl="plugins/ckeditor/lang/ko.js" publishTime="03/31/2016 15:08:36" />
    <file relUrl="plugins/jQuery/jQuery-2.1.4.min.js" publishTime="03/31/2016 15:08:38" />
    <file relUrl="plugins/ckeditor/plugins/a11yhelp/dialogs/lang/ca.js" publishTime="03/31/2016 15:08:37" />
    <file relUrl="plugins/datatables/extensions/TableTools/examples/simple.html" publishTime="03/31/2016 15:08:37" />
    <file relUrl="plugins/datatables/extensions/AutoFill/examples/columns.html" publishTime="03/31/2016 15:08:37" />
    <file relUrl="dist/img/user3-128x128.jpg" publishTime="03/31/2016 15:08:36" />
    <file relUrl="dist/img/avatar2.png" publishTime="03/31/2016 15:08:36" />
    <file relUrl="dist/img/boxed-bg.jpg" publishTime="03/31/2016 15:08:36" />
    <file relUrl="plugins/daterangepicker/moment.js" publishTime="03/31/2016 15:08:38" />
    <file relUrl="plugins/ckeditor/skins/moono/images/close.png" publishTime="03/31/2016 15:08:37" />
    <file relUrl="plugins/ckeditor/skins/moono/editor_ie8.css" publishTime="03/31/2016 15:08:37" />
    <file relUrl="plugins/iCheck/square/pink.png" publishTime="03/31/2016 15:08:38" />
    <file relUrl="plugins/datatables/jquery.dataTables.min.js" publishTime="03/31/2016 15:08:37" />
    <file relUrl="plugins/ckeditor/plugins/specialchar/dialogs/lang/pt-br.js" publishTime="03/31/2016 15:08:37" />
    <file relUrl="plugins/datepicker/bootstrap-datepicker.js" publishTime="03/31/2016 15:08:37" />
    <file relUrl="plugins/ckeditor/plugins/specialchar/dialogs/lang/bg.js" publishTime="03/31/2016 15:08:37" />
    <file relUrl="plugins/bootstrap-slider/bootstrap-slider.js" publishTime="03/31/2016 15:08:36" />
    <file relUrl="plugins/iCheck/square/red.css" publishTime="03/31/2016 15:08:38" />
    <file relUrl="plugins/datatables/extensions/Scroller/js/dataTables.scroller.js" publishTime="03/31/2016 15:08:37" />
    <file relUrl="plugins/datatables/extensions/Responsive/examples/child-rows/disable-child-rows.html" publishTime="03/31/2016 15:08:37" />
    <file relUrl="plugins/ckeditor/plugins/dialog/dialogDefinition.js" publishTime="03/31/2016 15:08:37" />
    <file relUrl="plugins/ckeditor/lang/uk.js" publishTime="03/31/2016 15:08:37" />
    <file relUrl="plugins/datepicker/locales/bootstrap-datepicker.hr.js" publishTime="03/31/2016 15:08:37" />
    <file relUrl="plugins/iCheck/flat/flat.css" publishTime="03/31/2016 15:08:38" />
    <file relUrl="plugins/ckeditor/lang/en.js" publishTime="03/31/2016 15:08:36" />
    <file relUrl="dist/img/user1-128x128.jpg" publishTime="03/31/2016 15:08:36" />
    <file relUrl="plugins/flot/jquery.flot.threshold.min.js" publishTime="03/31/2016 15:08:38" />
    <file relUrl="plugins/ckeditor/lang/fi.js" publishTime="03/31/2016 15:08:36" />
    <file relUrl="plugins/iCheck/square/aero@2x.png" publishTime="03/31/2016 15:08:38" />
    <file relUrl="plugins/ckeditor/lang/pt-br.js" publishTime="03/31/2016 15:08:37" />
    <file relUrl="testtreeview/JqueryOrgChart/JqueryTreeViewORG.aspx" publishTime="05/31/2016 17:11:22" />
    <file relUrl="plugins/colorpicker/img/saturation.png" publishTime="03/31/2016 15:08:37" />
    <file relUrl="plugins/ckeditor/plugins/a11yhelp/dialogs/lang/zh.js" publishTime="03/31/2016 15:08:37" />
    <file relUrl="plugins/select2/i18n/et.js" publishTime="03/31/2016 15:08:38" />
    <file relUrl="plugins/datatables/extensions/FixedColumns/examples/right_column.html" publishTime="03/31/2016 15:08:37" />
    <file relUrl="plugins/ckeditor/skins/moono/images/lock.png" publishTime="03/31/2016 15:08:37" />
    <file relUrl="plugins/iCheck/minimal/green.png" publishTime="03/31/2016 15:08:38" />
    <file relUrl="testtreeview/js/jquery.btree.js" publishTime="04/19/2016 12:33:56" />
    <file relUrl="plugins/datatables/extensions/AutoFill/examples/scrolling.html" publishTime="03/31/2016 15:08:37" />
    <file relUrl="testtreeview/JqueryOrgChart/css/prettify.css" publishTime="05/31/2016 13:07:22" />
    <file relUrl="plugins/datatables/extensions/TableTools/swf/copy_csv_xls.swf" publishTime="03/31/2016 15:08:37" />
    <file relUrl="plugins/ckeditor/lang/km.js" publishTime="03/31/2016 15:08:36" />
    <file relUrl="plugins/ckeditor/lang/fr.js" publishTime="03/31/2016 15:08:36" />
    <file relUrl="plugins/iCheck/line/line@2x.png" publishTime="03/31/2016 15:08:38" />
    <file relUrl="dist/js/prettify.js" publishTime="05/31/2016 17:25:03" />
    <file relUrl="plugins/datatables/extensions/TableTools/examples/swf_path.html" publishTime="03/31/2016 15:08:37" />
    <file relUrl="plugins/iCheck/square/orange.css" publishTime="03/31/2016 15:08:38" />
    <file relUrl="plugins/ckeditor/plugins/specialchar/dialogs/lang/ca.js" publishTime="03/31/2016 15:08:37" />
    <file relUrl="plugins/datatables/extensions/ColVis/examples/text.html" publishTime="03/31/2016 15:08:37" />
    <file relUrl="plugins/colorpicker/img/hue-horizontal.png" publishTime="03/31/2016 15:08:37" />
    <file relUrl="plugins/datatables/extensions/Responsive/examples/child-rows/column-control.html" publishTime="03/31/2016 15:08:37" />
    <file relUrl="plugins/datepicker/locales/bootstrap-datepicker.es.js" publishTime="03/31/2016 15:08:37" />
    <file relUrl="plugins/iCheck/flat/purple.png" publishTime="03/31/2016 15:08:38" />
    <file relUrl="plugins/iCheck/square/aero.css" publishTime="03/31/2016 15:08:38" />
    <file relUrl="plugins/iCheck/minimal/purple.png" publishTime="03/31/2016 15:08:38" />
    <file relUrl="plugins/flot/jquery.flot.stack.js" publishTime="03/31/2016 15:08:38" />
    <file relUrl="plugins/ckeditor/plugins/a11yhelp/dialogs/lang/en.js" publishTime="03/31/2016 15:08:37" />
    <file relUrl="plugins/datatables/extensions/ColReorder/examples/index.html" publishTime="03/31/2016 15:08:37" />
    <file relUrl="TreeRef1/basic-example.js" publishTime="05/23/2016 19:23:44" />
    <file relUrl="plugins/flot/jquery.flot.navigate.min.js" publishTime="03/31/2016 15:08:38" />
    <file relUrl="plugins/iCheck/square/green@2x.png" publishTime="03/31/2016 15:08:38" />
    <file relUrl="plugins/ckeditor/plugins/a11yhelp/dialogs/lang/sr.js" publishTime="03/31/2016 15:08:37" />
    <file relUrl="plugins/datatables/extensions/Responsive/examples/child-rows/right-column.html" publishTime="03/31/2016 15:08:37" />
    <file relUrl="plugins/sparkline/jquery.sparkline.js" publishTime="03/31/2016 15:08:38" />
    <file relUrl="plugins/ckeditor/plugins/a11yhelp/dialogs/lang/uk.js" publishTime="03/31/2016 15:08:37" />
    <file relUrl="plugins/ckeditor/lang/gl.js" publishTime="03/31/2016 15:08:36" />
    <file relUrl="plugins/iCheck/line/_all.css" publishTime="03/31/2016 15:08:38" />
    <file relUrl="plugins/datepicker/locales/bootstrap-datepicker.cy.js" publishTime="03/31/2016 15:08:37" />
    <file relUrl="plugins/ckeditor/plugins/a11yhelp/dialogs/lang/_translationstatus.txt" publishTime="03/31/2016 15:08:37" />
    <file relUrl="plugins/ckeditor/plugins/a11yhelp/dialogs/lang/vi.js" publishTime="03/31/2016 15:08:37" />
    <file relUrl="plugins/input-mask/jquery.inputmask.phone.extensions.js" publishTime="03/31/2016 15:08:38" />
    <file relUrl="plugins/datatables/extensions/FixedColumns/js/dataTables.fixedColumns.min.js" publishTime="03/31/2016 15:08:37" />
    <file relUrl="plugins/datatables/extensions/TableTools/images/copy.png" publishTime="03/31/2016 15:08:37" />
    <file relUrl="plugins/datatables/extensions/Responsive/examples/initialisation/index.html" publishTime="03/31/2016 15:08:37" />
    <file relUrl="dist/img/default-50x50.gif" publishTime="03/31/2016 15:08:36" />
    <file relUrl="plugins/ckeditor/skins/moono/images/refresh.png" publishTime="03/31/2016 15:08:37" />
    <file relUrl="plugins/ckeditor/lang/sr-latn.js" publishTime="03/31/2016 15:08:37" />
    <file relUrl="plugins/flot/jquery.flot.symbol.min.js" publishTime="03/31/2016 15:08:38" />
    <file relUrl="plugins/ckeditor/skins/moono/images/arrow.png" publishTime="03/31/2016 15:08:37" />
    <file relUrl="plugins/flot/jquery.flot.errorbars.js" publishTime="03/31/2016 15:08:38" />
    <file relUrl="plugins/datatables/extensions/FixedColumns/examples/size_fixed.html" publishTime="03/31/2016 15:08:37" />
    <file relUrl="plugins/ckeditor/plugins/a11yhelp/dialogs/lang/tr.js" publishTime="03/31/2016 15:08:37" />
    <file relUrl="References/jit-yc.js" publishTime="05/23/2016 15:20:20" />
    <file relUrl="dist/css/skins/_all-skins.min.css" publishTime="03/31/2016 15:08:36" />
    <file relUrl="plugins/ckeditor/plugins/a11yhelp/dialogs/lang/el.js" publishTime="03/31/2016 15:08:37" />
    <file relUrl="plugins/iCheck/square/square.png" publishTime="03/31/2016 15:08:38" />
    <file relUrl="plugins/ckeditor/lang/pt.js" publishTime="03/31/2016 15:08:37" />
    <file relUrl="dist/img/photo2.png" publishTime="03/31/2016 15:08:36" />
    <file relUrl="plugins/datepicker/locales/bootstrap-datepicker.sl.js" publishTime="03/31/2016 15:08:38" />
    <file relUrl="plugins/ckeditor/ckeditor.js" publishTime="03/31/2016 15:08:36" />
    <file relUrl="plugins/ckeditor/plugins/specialchar/dialogs/lang/fi.js" publishTime="03/31/2016 15:08:37" />
  </publishProfile>
</publishData>