<xml xmlns:o="urn:schemas-microsoft-com:office:office">
 <o:MainFile
  HRef="../FW%20External%20INC0565480%20%20Duplicate%20cases%20in%20TRANSACT.htm"/>
 <o:File HRef="themedata.thmx"/>
 <o:File HRef="colorschememapping.xml"/>
 <o:File HRef="image001.jpg"/>
 <o:File HRef="image002.png"/>
 <o:File HRef="image003.jpg"/>
 <o:File HRef="image004.jpg"/>
 <o:File HRef="image005.png"/>
 <o:File HRef="image006.gif"/>
 <o:File HRef="image007.png"/>
 <o:File HRef="image008.gif"/>
 <o:File HRef="image009.gif"/>
 <o:File HRef="image010.png"/>
 <o:File HRef="image011.gif"/>
 <o:File HRef="image012.png"/>
 <o:File HRef="image013.gif"/>
 <o:File HRef="filelist.xml"/>
</xml>